pageid,qid,P21,P27,P106,label_en
81227821,Q136028808,['Q6581072'],['Q29'],['Q937857'],Aïcha Cámara Cámara
81227823,Q136409354,['Q6581097'],[],['Q19204627'],Vandrevius Jacobs
81227893,Q136409352,['Q6581072'],['Q30'],['Q937857'],Natalie Chudowsky
81227898,Q136409350,['Q6581097'],[],[],William H. Bright
81227908,Q136409346,['Q6581072'],[],"['Q2732142', 'Q170790']",Po-Ling Loh
81227988,Q123577405,['Q6581072'],[],['Q193391'],Nana Yuliana
81227992,Q136410919,['Q6581072'],[],['Q4009406'],Zofia Kałucka
81228154,Q136409443,['Q6581097'],[],['Q4009406'],Mohammed Ayade
81228171,Q136409441,['Q6581097'],[],[],Emmanuel Umar
81228312,Q123678970,['Q6581097'],['Q238'],"['Q82955', 'Q937857']",Matteo Rossi
81228389,Q3767901,['Q6581097'],['Q736727'],"['Q250867', 'Q611644']",Giovanni Pecci
81228570,Q136409579,['Q6581072'],[],[],Katrina Foster
81228605,Q136409576,['Q6581097'],[],[],"Eduardo Peralta, Jr."
81228630,Q136409693,['Q6581097'],['Q30'],['Q105186'],
81228665,Q136410920,['Q6581072'],[],['Q177220'],Kishwar Sultan
81228732,Q136409566,['Q6581097'],[],['Q193391'],Priyo Iswanto
81228880,Q75791247,['Q6581097'],['Q28'],[],"Anton II, Prince Esterházy"
81229013,Q136409681,['Q6581072'],[],[],Emily Goodridge Grey
81229066,Q96761756,['Q6581097'],[],"['Q6673651', 'Q36180', 'Q201788', 'Q49757']",Abdul Salam Nadwi
81229188,Q136409776,['Q6581072'],[],[],Geraldine Fiel-Macaraig
81229251,Q136409775,['Q6581072'],[],['Q16533'],Perpetua Atal-Paño
81229252,Q136409770,['Q6581097'],[],"['Q1028181', 'Q1281618']","Edward ""Ted"" Bullmore"
81229257,Q12805768,['Q6581097'],"['Q215', 'Q38', 'Q391980', 'Q191077', 'Q533534']","['Q49757', 'Q36180', 'Q333634', 'Q6051619', 'Q5758653']",Vinko Beličič
81229261,Q20570452,['Q6581097'],[],['Q201788'],Moinuddin Ahmad Nadwi
81229267,Q136409911,['Q6581097'],[],"['Q5716684', 'Q28971125']",Louie Conn
81229316,Q136409910,['Q6581097'],[],[],Ruben Reynaldo Roxas
81229454,Q136409906,['Q6581072'],[],[],Ashalata Biswas
81229473,Q136409905,['Q6581097'],[],[],S. Pugazhenthi
81229540,Q136409982,['Q6581097'],[],"['Q5716684', 'Q28971125']",Blaize Shiek
81229758,Q130383555,['Q6581072'],[],[],Oksana Dobrovolskaja
81229759,Q136410145,['Q6581097'],[],[],Ronaldo Roberto Martin
81229771,Q12242946,['Q6581097'],"['Q843', 'Q129286']",['Q36180'],Masud Alam Nadwi
81229773,Q123505727,['Q6581072'],['Q16'],['Q14089670'],Claire Gallagher
81229868,Q53566441,['Q6581072'],['Q36'],['Q7042855'],Agnieszka Glińska
81229892,Q136410142,['Q6581097'],[],[],Bayani Jacinto
81230007,Q11933576,['Q6581097'],['Q29'],"['Q185351', 'Q43845', 'Q82955']",Lluís Argemí i de Martí
81230015,Q12212871,['Q6581097'],['Q805'],[],
81230101,Q121472700,['Q6581072'],[],['Q36180'],Trang Thanh Tran
81230111,Q136410687,['Q6581097'],[],[],Ben Jelf
81230272,Q136419540,['Q6581097'],[],['Q40348'],Louis Acosta
81230329,Q136410883,['Q6581072'],[],[],Tita Marilyn Payoyo-Villordon
81230343,Q30090622,['Q6581072'],['Q924'],['Q82955'],Upendo Peneza
81230393,Q130214165,['Q6581097'],['Q20'],['Q130495720'],Vegard Sverd
81230419,Q29872542,['Q6581072'],['Q756617'],"['Q2462658', 'Q1622272']",Mette Morsing
81230649,Q102553809,['Q6581072'],[],['Q11063'],Sarah Pearce
81230954,Q124101580,['Q6581097'],['Q191'],['Q64011604'],Stefan Arand
81230981,Q123907445,['Q6581072'],['Q668'],['Q33999'],Bhagyashri Borse
81231091,Q119942007,['Q6581072'],[],['Q82955'],Selin Arpaz
81231159,Q130293919,['Q6581097'],['Q183'],['Q82955'],Lennart Geibert
81231257,Q114600221,['Q6581072'],['Q183'],['Q82955'],Antonia Hillberg
81231268,Q136411475,['Q6581072'],[],[],Simranpreet Kaur Brar
81231329,Q12367587,['Q6581072'],['Q191'],"['Q1281618', 'Q11569986']",Kristine Mei
81231353,Q112134214,['Q6581097'],['Q183'],['Q82955'],Tom Brüntrup
81231381,Q19291119,['Q6581072'],['Q29'],['Q24293741'],Hortensia Torres Cuadrado
81231489,Q136428349,['Q6581097'],[],[],Danyil Odynets
81231669,Q125566262,['Q6581097'],['Q29'],"['Q250867', 'Q611644']",José Antonio Álvarez Sánchez
81231850,Q136412532,['Q6581097'],[],['Q40348'],Jason Reding Quiñones
81231902,Q131912838,['Q6581097'],[],['Q937857'],Behar Neziri
81231926,Q114564292,['Q6581097'],['Q183'],['Q82955'],Christoph Willeke
81232013,Q5484720,['Q6581097'],['Q414'],['Q937857'],Aníbal Cibeyra
81232095,Q6041232,['Q6581097'],['Q43'],"['Q49757', 'Q36180']",Yavuz Bülent Bakiler
81232138,Q64751087,['Q6581097'],[],"['Q250867', 'Q611644']",Jonas Thaliath
81232185,Q136121363,['Q6581097'],['Q39'],['Q937857'],Alessandro Vogt
81232199,Q136412906,['Q6581072'],[],"['Q488205', 'Q639669']",Yumi Uchimura
81232202,Q136412536,['Q6581097'],[],[],Elisha ben Solomon Ḥabillo
81232204,Q135989891,['Q6581072'],[],['Q14089670'],Taylor McKnight
81232231,Q136412944,['Q6581097'],[],['Q193391'],Nikolaus von Hochholzer
81232249,Q136412598,['Q6581072'],[],"['Q4009406', 'Q11513337']",Annie Carey
81232267,Q104524502,['Q6581097'],['Q1032'],"['Q2462658', 'Q82955', 'Q83307']",Hassane Barazé Moussa
81232286,Q136412864,['Q6581097'],['Q258'],['Q937857'],Ndamulelo Maphangule
81232323,Q115812972,['Q6581072'],['Q183'],['Q12840545'],Nina Engel
81232362,Q70437467,['Q6581072'],['Q142'],"['Q2252262', 'Q822146', 'Q33999', 'Q5716684', 'Q17307272', 'Q177220']",Aloïse Sauvage
81232381,Q119702465,['Q6581072'],['Q183'],"['Q16004471', 'Q13382566']",Emily Apel
81232470,Q126695444,['Q6581097'],[],['Q13382566'],Yusuke Muto
81232526,Q122397431,['Q6581097'],[],['Q937857'],Tom Gaal
81232527,Q136412937,['Q6581072'],[],"['Q177220', 'Q386854', 'Q639669']",Graciela Salgado
81232551,Q136411798,['Q6581097'],['Q145'],[],
81232562,Q136413127,['Q6581072'],[],['Q39631'],Sadie Bay Adair
81232605,Q59390390,['Q6581097'],['Q27'],"['Q49757', 'Q2252262']",Séamus Barra Ó Súilleabháin
81232606,Q136428347,['Q6581097'],[],[],Parker West
81232637,Q16383389,['Q6581097'],['Q30'],['Q42843876'],Sam Silverman
81232699,Q136413121,['Q6581097'],[],[],Keith Gorman
81232706,Q135991670,['Q6581072'],['Q16'],['Q14089670'],Rachel Smith
81232713,Q136413118,['Q6581097'],[],[],Trevian Thomas
81232718,Q136412961,['Q6581072'],['Q30'],"['Q36180', 'Q15949613', 'Q6625963', 'Q11774202', 'Q214917']",Annie Steger Winston
81232848,Q136428376,['Q6581097'],[],[],S. Asef Hossaini
81232863,Q108881806,['Q6581097'],['Q183'],['Q82955'],Jean-Pascal Hohm
81232995,Q88032748,['Q6581097'],[],['Q1650915'],Anthony Letai
81233010,Q11427877,['Q6581097'],['Q17'],['Q488205'],Kōhei Dōjima
81233024,Q136414722,['Q6581072'],[],['Q82955'],Rhona Charbonneau
81233080,Q124642239,['Q6581097'],[],[],Dustin Thao
81233149,Q22111840,['Q6581072'],"['Q145', 'Q174193']",['Q17344952'],Frances Murphy
81233172,Q136413565,['Q6581097'],[],[],Mohammad al-Hasani
81233177,Q136428370,['Q6581097'],[],[],Goitse Konopi
81233259,Q136414629,['Q6581097'],[],"['Q6625963', 'Q17125263', 'Q36180']",Piotr Kosek
81233263,Q130385400,['Q6581072'],['Q183'],['Q82955'],Lena-Sophie Laue
81233288,Q136428358,['Q6581097'],[],[],Eric Skotnes
81233453,Q136328028,['Q6581072'],[],['Q2526255'],
81233741,Q136428354,['Q6581097'],[],[],Al Kingsley
81233920,Q28381212,['Q6581097'],['Q811'],"['Q82955', 'Q212238']",Denis Moncada
81234011,Q2142978,['Q6581097'],[],['Q2566598'],Remigius of Strasbourg
81234037,Q136416389,['Q6581072'],['Q145'],['Q114414171'],Victoria Levitt
81234050,Q5868556,['Q6581097'],['Q30'],"['Q2374149', 'Q2083925', 'Q33112416']",Frank Walton Gould
81234088,Q16944272,['Q6581072'],['Q30'],['Q36180'],Clara Elizabeth Fanning
81234131,Q136413636,['Q6581097'],['Q29'],['Q193391'],José Núñez Iglesias
81234171,Q769142,['Q6581097'],['Q183'],['Q11900058'],Augusto Berns
81234214,Q2575927,['Q6581097'],['Q142'],"['Q250867', 'Q611644']",Wilhelm von Hohnstein
81234277,Q136416509,['Q6581072'],['Q145'],['Q114414171'],Bebe Jackson
81234327,Q130543557,['Q6581072'],['Q38'],['Q488205'],Chiamamifaro
81234477,Q3010195,['Q6581072'],[],[],Céline de Laon
81234557,Q130319799,['Q6581072'],[],['Q36180'],Virginia Tangvald
81234559,Q136416669,['Q6581097'],[],[],Douglas M. Kruhm
81234595,Q100926476,['Q6581097'],['Q30'],['Q3665646'],Xavian Stapleton
81234676,Q136416791,['Q6581097'],[],[],"Mukesh Kumar Meshram, IAS"
81234707,Q3403378,['Q6581097'],[],['Q725440'],Prince de Soissons
81234736,Q136432723,['Q6581097'],[],[],Leonard Anthony Bracken Jr.
81234759,Q95379009,['Q6581072'],['Q33946'],"['Q11063', 'Q12094958']",Bohumila Bednářová
81234785,Q1403901,['Q6581097'],['Q668'],"['Q1622272', 'Q98833890']",Felix Wilfred
81234853,Q136434497,['Q6581072'],[],['Q488205'],Ellie Banke
81234854,Q3263973,['Q6581097'],[],['Q725440'],Loup of Soissons
81234856,Q136416675,['Q6581072'],['Q30'],['Q3354501'],Gertrude Stanton
81234911,Q136428369,['Q6581097'],[],[],Leonid Ivanovic
81234982,Q55237146,['Q6581097'],[],['Q49757'],Brook Emery
81235144,Q111967007,['Q6581097'],['Q183'],['Q82955'],Patrick Pender
81235282,Q48946774,['Q6581097'],['Q155'],['Q82955'],Nicolau Júnior
81235332,Q1027406,['Q6581072'],['Q142'],['Q82955'],Fanélie Carrey-Conte
81235409,Q130321148,['Q6581072'],['Q29'],['Q82955'],Ainhoa Molina
81235494,Q30904782,['Q6581097'],['Q77'],['Q82955'],Amin Niffouri
81235552,Q136416991,['Q6581097'],[],['Q937857'],Axel Arce
81235735,Q46474499,['Q6581072'],['Q30'],['Q52899051'],Yu Shen
81236014,Q136417030,['Q6581097'],['Q617602'],['Q957729'],Yahya Barzaq
81236068,Q133682751,['Q6581097'],['Q17'],['Q937857'],Seiga Sumi
81236303,Q136417043,['Q6581097'],[],['Q4009406'],Alexandros Diamantis Skourtis
81236343,Q136417054,['Q6581097'],['Q265'],['Q114414171'],Jasur Khodjaev
81236516,Q136417068,['Q6581097'],['Q262'],['Q114414171'],Mohamed Nadjib Amchi
81236585,Q109016439,['Q6581097'],[],['Q2526255'],Santiago Menghini
81236602,Q136417087,['Q6581097'],[],['Q82955'],Volodymyr Leontiev
81236666,Q132794852,['Q6581072'],['Q38'],['Q488205'],Antonia
81236710,Q136417086,['Q6581097'],[],[],Abdelhadi Boudra
81236857,Q94608976,['Q6581097'],['Q833'],['Q6673651'],Zainal Rashid Ahmad
81236934,Q136417132,['Q6581097'],[],[],Meshal Mahutan
81236945,Q136437399,['Q6581072'],[],[],Noriko Tsuiki
81236956,Q50299027,['Q6581097'],['Q869'],['Q10798782'],Peemapol Panichtamrong
81237033,Q136417131,['Q6581097'],[],[],Mehmet Emin Eğilmez
81237048,Q136417129,['Q6581097'],[],[],Pablito Perez
81237060,Q136417127,['Q6581097'],[],['Q19204627'],Zahir Mathis
81237220,Q136417230,['Q6581097'],[],"['Q5716684', 'Q28971125']",Melvin Sutton
81237287,Q136428360,['Q6581097'],[],[],Yorghaki
81237292,Q10379740,['Q6581097'],[],"['Q39631', 'Q1231865', 'Q36180', 'Q333634', 'Q2516866']",Adam Huber z Riesenpachu
81237468,Q136417332,['Q6581097'],[],['Q51536424'],Luo Xingchuan
81237476,Q12567248,['Q6581097'],[],['Q33999'],Tursynbek Qabatov
81237503,Q136408857,['Q6581097'],"['Q96', 'Q717']",['Q937857'],Ángel Azuaje
81237720,Q136417425,['Q6581097'],[],[],Muhammad Nazmi Nasri
81237893,Q136417738,['Q6581097'],[],['Q4009406'],Bartosz Sienkiewicz
81238087,Q136417737,['Q6581097'],[],[],Yamato Shimbo
81238417,Q130622646,['Q6581072'],['Q183'],['Q2066131'],
81238418,Q136417734,['Q6581097'],[],['Q212238'],T. Albert Moore
81238520,Q136417914,['Q6581097'],[],[],Luis Carlos López Valenzuela
81238543,Q54400613,['Q6581097'],"['Q33296', 'Q129286']","['Q39631', 'Q333634', 'Q37226']",Faizul Hasan Saharanpuri
81238565,Q8265909,['Q6581072'],['Q148'],"['Q33999', 'Q10800557', 'Q4610556']",Leanne Fu
81238750,Q136418158,['Q6581097'],[],['Q4009406'],Yeferson Suárez
81238784,Q136417949,['Q6581097'],['Q30'],"['Q40348', 'Q82955']",Curtis Ludwig
81238853,Q136418156,['Q6581097'],[],['Q4009406'],Anton Feoktistov
81239099,Q136418314,[],[],[],2025 Manchester synagogue attack
81239114,Q17220486,['Q6581072'],['Q17'],"['Q622807', 'Q2705098']",Kyōka Moriya
81239271,Q113153563,['Q6581097'],['Q183'],"['Q82955', 'Q15978655']",Jonas Reiter
81239317,Q136428362,['Q6581072'],[],[],Lucy González
81239441,Q5493168,['Q6581072'],['Q29'],"['Q2722764', 'Q36180', 'Q947873', 'Q2526255']",Carmen Porter Ucha
81239465,Q136418641,['Q6581097'],[],['Q937857'],Azeez Zainulabdeen
81239515,Q136418636,['Q6581097'],[],['Q33231'],Saravanamaruthu Soundarapandi
81240037,Q107599074,['Q6581097'],['Q833'],['Q15253558'],Nadir Al-Nuri
81240051,Q136418735,['Q6581072'],['Q265'],['Q114414171'],Karomat Omonova
81240058,Q132420975,['Q6581097'],[],['Q937857'],Tadeáš Hájovský
81240079,Q136418816,['Q6581072'],[],[],Emily Aliño-Geluz
81240110,Q118378325,['Q6581097'],['Q736'],"['Q40348', 'Q82955']",Esteban Torres
81240449,Q136418968,['Q6581097'],[],[],Florencio Mamauag Jr.
81240535,Q136418964,['Q6581072'],[],[],Loida Posadas-Kahulugan
81240605,Q136419385,['Q6581072'],[],['Q193391'],Adi Cohen-Hazanov
81240673,Q2977059,['Q6581097'],['Q142'],['Q82955'],Claude Bourdin
81240783,Q59390142,['Q6581097'],[],"['Q1622272', 'Q19829990', 'Q1234713', 'Q14467526']",Holger Gzella
81240811,Q136419384,['Q6581097'],[],['Q11338576'],Bertie Scott
81240831,Q135742186,['Q6581097'],['Q183'],['Q82955'],
81240895,Q104272835,['Q6581072'],['Q36'],"['Q1650915', 'Q15839206', 'Q15634281', 'Q36180']",Julia Durzyńska
81240899,Q136419383,['Q6581097'],[],[],Gradus Kraus
81240955,Q136412890,['Q6581097'],['Q298'],"['Q116994205', 'Q47064', 'Q36180', 'Q1622272', 'Q2994387', 'Q121998']",Manuel Hormazábal González
81241011,Q5724160,['Q6581097'],['Q31'],['Q715301'],Eric De Rop
81241028,Q5945163,['Q6581097'],['Q7462'],"['Q3303330', 'Q1028181', 'Q49757', 'Q4964182']",Zhao Buzhi
81241154,Q136419579,['Q6581072'],[],[],Heather Hogsett
81241178,Q123492410,['Q6581072'],['Q736'],['Q82955'],
81241258,Q125473676,['Q6581097'],['Q148'],['Q17125263'],
81241296,Q136388719,['Q6581097'],[],['Q937857'],Afonso Assis
81241364,Q87066666,['Q6581097'],[],"['Q185351', 'Q82955']",Alexander Mohrenberg
81241390,Q27654211,['Q6581097'],['Q414'],['Q33999'],José Andrada
81241539,Q87127305,['Q6581072'],[],['Q82955'],Julia Barth
81241598,Q136419678,['Q6581097'],['Q668'],['Q114414171'],Atul Kaushik
81241599,Q136421213,['Q6581097'],[],[],Nyamtaishiryn Nomtoibayar
81241611,Q136387700,['Q6581097'],['Q36'],['Q36180'],Patryk Pufelski
81241694,Q136421134,['Q6581072'],[],['Q40348'],Mary Belle Spencer
81241715,Q9373641,['Q6581097'],['Q36'],['Q33999'],Wiesław Wójcik
81241869,Q136423039,['Q6581097'],[],['Q19204627'],Khalil Wilkins
81241873,Q115610899,['Q6581097'],"['Q31', 'Q1028']",['Q937857'],Ali Maamar
81241918,Q136421834,['Q6581072'],[],"['Q2722764', 'Q36180']",S. Saraswathi Amma
81242010,Q11343602,['Q44148'],[],[],Mejiro Ardan
81242045,Q1580918,['Q6581097'],['Q40'],"['Q1281618', 'Q1622272', 'Q33231', 'Q1925963']",Hans Kupelwieser
81242082,Q11384073,['Q6581097'],['Q17'],"['Q752129', 'Q19350898']",Humitaka Sato
81242152,Q24428750,['Q6581097'],['Q36'],['Q11338576'],Tomasz Sarara
81242269,Q3616980,['Q6581097'],['Q38'],['Q2159907'],Angelo Epaminonda
81242307,Q136424395,['Q6581072'],[],[],Kelly Cobiella
81242379,Q23564367,['Q6581097'],['Q183'],['Q82955'],Damian Lohr
81242432,Q136441796,[],[],[],Joseph M. Foley
81242510,Q27925137,['Q6581097'],['Q183'],['Q82955'],Sven Tritschler
81242585,Q21341524,['Q6581072'],['Q414'],['Q17344952'],Berta S. Gerschman de Pikelin
81242610,Q136428672,['Q6581072'],[],['Q14373094'],Rachel Iliya
81242664,Q136424353,['Q6581097'],[],[],Matt Bremer
81242695,Q61725714,['Q6581097'],['Q40'],"['Q2526255', 'Q20971250', 'Q205375', 'Q3455803', 'Q1414443']",Martin Reinhart
81242727,Q1555329,['Q6581097'],['Q183'],"['Q250867', 'Q611644']",Johann Neuhäusler
81242918,Q136428335,['Q6581097'],[],[],Azizur Rahman Bijnori
81242955,Q136428332,['Q6581097'],[],['Q19204627'],Steve Cushing
81242994,Q136428325,['Q6581097'],[],['Q82594'],Kashifu Abdullahi
81243370,Q136428435,['Q6581097'],[],['Q628099'],José Ángel Herrera
81243418,Q136428667,['Q6581097'],[],[],Lindel Fields
81243492,Q107622886,['Q6581097'],['Q183'],['Q82955'],Carlo Clemens
81243599,Q136428663,['Q6581097'],[],['Q937857'],Hugo Pavek
81243679,Q98075021,['Q6581072'],['Q96'],['Q937857'],Rebeca Zavaleta
81243694,Q114943875,['Q6581097'],['Q183'],['Q82955'],Lukas Reinken
81243722,Q127869948,['Q6581097'],[],['Q21009864'],Andrea Castagneri
81243747,Q114596920,['Q6581097'],['Q183'],['Q82955'],Brian Baatzsch
81243779,Q136428636,['Q6581097'],['Q1016'],['Q114414171'],Mahmoud Rajab
81243828,Q114600288,['Q6581097'],['Q183'],['Q82955'],Tim Julian Wook
81243870,Q136437397,['Q6581097'],[],[],Vadim Shulman
81243899,Q111396581,['Q6581072'],['Q183'],['Q82955'],Kira Braun
81243907,Q136428821,['Q6581097'],[],['Q16533'],John F. Callinan
81243909,Q29512567,['Q6581072'],"['Q127861', 'Q370173', 'Q124943', 'Q3087763', 'Q170468', 'Q79', 'Q12560']",['Q39631'],Tawhida Abdel-Rahman
81243937,Q136428819,['Q6581097'],[],[],Jim Jesernig
81243995,Q130368119,['Q6581097'],['Q183'],['Q82955'],Fabian Jank
81244059,Q115302025,['Q6581097'],['Q183'],"['Q1650915', 'Q82955']",Jonas Pohlmann
81244106,Q7139029,['Q6581072'],['Q17'],['Q1196276'],Ichijō Mikako
81244207,Q136458296,['Q6581097'],[],[],Michael Muñoz
81244234,Q12251644,['Q6581097'],"['Q262', 'Q142']","['Q212238', 'Q39631', 'Q82955']",Yahia Guidoum
81244246,Q102175340,['Q6581097'],[],"['Q901', 'Q1650915']",Jean-Michel Muller
81244264,Q57240581,['Q6581072'],[],['Q1650915'],Sara E Wilson
81244266,Q879599,['Q6581097'],['Q183'],['Q82955'],Björn Fecker
81244341,Q136437396,['Q6581072'],[],[],Laventa
81244349,Q105532097,['Q6581097'],[],[],Severo Maria Eulálio Neto
81244410,Q77419097,['Q6581072'],['Q34'],"['Q169470', 'Q17652193']",Signe Torborg Schmidt-Nielsen
81244450,Q2848794,['Q6581097'],['Q142'],"['Q82955', 'Q1914832', 'Q1622272']",André Viola
81244476,Q131577832,['Q6581072'],"['Q142', 'Q974']",['Q177220'],Théodora
81244671,Q66663422,['Q6581097'],['Q29'],['Q82955'],Javier Aureliano García Molina
81244677,Q136429488,['Q6581097'],[],[],Ulises Correa
81244703,Q10914620,['Q6581097'],['Q298'],"['Q82955', 'Q40348']",Eduardo Alessandri Rodríguez
81244720,Q1269947,['Q6581097'],['Q183'],"['Q1930187', 'Q14972848', 'Q17598791', 'Q4964182', 'Q16267607', 'Q201788', 'Q5758653']",Eduard Johnson
81244756,Q136432722,['Q6581097'],[],[],Galvarino Palacios
81244824,Q9009441,['Q6581097'],['Q298'],"['Q82955', 'Q774306']",Isauro Torres Cereceda
81244827,Q120682358,['Q6581097'],['Q183'],['Q2309784'],Henri Kiefer
81244862,Q126363463,['Q6581097'],['Q27'],['Q2309784'],Rónán Dunne
81244865,Q104181454,['Q6581097'],[],"['Q1930187', 'Q82955']",Alejandro Chelén Rojas
81244866,Q129263103,['Q6581097'],['Q96'],['Q937857'],Diego Ochoa
81244920,Q136430440,['Q6581097'],[],"['Q47064', 'Q1402561']",Robert I. Rees
81244928,Q5905069,['Q6581097'],['Q298'],"['Q82955', 'Q40348']",Humberto Álvarez Suárez
81244949,Q1752082,['Q6581097'],['Q183'],['Q36180'],Lutz Dijk
81245011,Q116936283,['Q6581072'],['Q17'],['Q622807'],Yumika Yano
81245012,Q136430509,['Q6581097'],[],['Q1930187'],Rouhollah Zamzameh
81245138,Q29073383,['Q6581097'],['Q15180'],"['Q1622272', 'Q2526255']",Dmitry Sidorov
81245199,Q136430506,['Q6581097'],[],[],Aleksandar Radišić
81245231,Q62056397,['Q6581072'],[],['Q50768646'],Florence Simms
81245505,Q136430557,['Q6581097'],[],[],Uladzislau Hryb
81245588,Q116217499,['Q6581097'],[],['Q937857'],Tomás Aránguiz
81245671,Q136430556,['Q6581097'],[],['Q43845'],Effingham B. Sutton
81245701,Q11319254,['Q44148'],[],[],Tesco Boy
81245798,Q130739350,['Q6581097'],['Q664'],"['Q19842026', 'Q9360140']",Alan Kerr
81245809,Q136430731,['Q6581097'],[],"['Q1028181', 'Q483501']",Nicolai Abracheff
81245900,Q136430730,['Q6581097'],[],['Q2259451'],Charles Carshon
81246162,Q136430793,['Q6581097'],[],['Q43845'],Barry Levites
81246205,Q136430791,['Q6581072'],[],[],Maria Rowena Modesto-San Pedro
81246316,Q125599727,['Q6581097'],['Q869'],['Q10798782'],Kajbhunditt Jaidee
81246634,Q127687775,['Q6581072'],[],['Q2066131'],Alexandra Nouchet
81246738,Q97681081,[],[],['Q1650915'],Linda Godfrey
81246741,Q136430993,['Q6581072'],[],['Q13381689'],Navruza Akhmatova
81246894,Q136430992,['Q6581097'],[],['Q40348'],Benjamin Lepak
81246897,Q136437400,['Q6581072'],[],[],Laura Toenjes
81246908,Q136430990,['Q6581097'],[],['Q937857'],Lukáš Mikulaj
81247023,Q136431070,['Q6581097'],[],['Q4009406'],Kirill Glazyrin
81247169,Q136431065,['Q6581072'],[],['Q33999'],Diana Fairfax
81247174,Q21341133,['Q6581097'],['Q183'],['Q4205432'],Hermann Meinken
81247199,Q27789541,['Q6581072'],[],['Q937857'],Farahiyah Ridzuan
81247210,Q67238986,['Q6581097'],['Q29'],"['Q635734', 'Q201788', 'Q36180']",Juan José Martinena Ruiz
81247299,Q136431180,['Q6581097'],[],[],James Waybern Hall
81247415,Q55209376,['Q6581072'],[],['Q1650915'],
81247679,Q119040327,['Q6581097'],[],['Q1731155'],Fyodor Tertitskiy
81247802,Q136437403,['Q6581072'],[],[],Ashleigh Merchant
81247830,Q136431480,['Q6581097'],[],[],Mohammad Hussain Azad
81247856,Q66663475,['Q6581072'],['Q29'],"['Q82955', 'Q1238570']",Lucía Muñoz Dalda
81247860,Q55238762,['Q6581097'],['Q29'],['Q193391'],Raimundo Bassols
81247896,Q131358477,['Q6581097'],['Q36'],['Q11607585'],
81247933,Q136431477,['Q6581072'],[],[],Eschiva of Montbéliard
81247993,Q136431652,['Q6581097'],[],['Q12299841'],Vinayak Shukla
81248018,Q119188,['Q6581097'],['Q183'],"['Q27349', 'Q1622272']",Otto Walkhoff
81248020,Q136431383,['Q6581072'],['Q145'],['Q3400985'],Angela O'Hagan
81248059,Q136431650,[],[],['Q43845'],Pjerin Fushaj
81248073,Q136431646,['Q6581097'],['Q664'],"['Q47064', 'Q14373094']",Laurie Mills
81248144,Q136431642,['Q6581097'],[],['Q378622'],Suellio Almeida
81248222,Q136431640,['Q6581097'],[],"['Q1650915', 'Q15143191']",
81248233,Q136431641,['Q6581097'],[],['Q3242115'],Abderahmane Arbaji
81248237,Q133175049,['Q6581072'],['Q183'],['Q82955'],Stefanie Blaschka
81248425,Q136416975,['Q6581072'],['Q30'],['Q11338576'],JoAnn Hagen
81248453,Q125918151,['Q6581097'],['Q183'],['Q82955'],Oskar Lipp
81248488,Q13014534,['Q6581072'],['Q884'],"['Q33999', 'Q245068']",Seo Ji-yeon
81248506,Q15431190,['Q6581097'],['Q1032'],"['Q193391', 'Q189290', 'Q82955', 'Q83307']",Mamadou Diallo Sory
81248533,Q136431767,['Q6581097'],[],['Q937857'],Sulaiman Almas
81248574,Q136437398,['Q6581097'],[],[],Kilaparthy Velankanni Satish
81248586,Q61059977,['Q6581097'],['Q41'],['Q937857'],Christos Antoniou
81248604,Q113505102,['Q6581072'],['Q1030'],['Q4610556'],Cassia Sharpley
81248635,Q16570401,['Q6581097'],['Q29'],['Q193391'],Gabriel Ferrán de Alfaro
81248643,Q136463046,[],[],[],Ghasi Ram Majhi
81248785,Q136432732,['Q6581097'],[],[],Vyron Vasileiadis
81248801,Q136431956,['Q6581097'],[],[],Vivek Dahiya
81248897,Q116907852,['Q6581097'],[],['Q937857'],Samuel Bagín
81249016,Q86714246,['Q6581097'],"['Q36', 'Q183']",['Q82955'],Krzysztof Walczak
81249017,Q136432247,['Q6581097'],[],['Q937857'],Adrián Fiala
81249049,Q130284923,['Q6581097'],[],['Q82955'],Valdrack Jaentschke
81249140,Q102450908,['Q6581072'],['Q145'],['Q16278103'],Averil Murphy
81249257,Q136432217,['Q6581097'],['Q36'],['Q486748'],Jan Widlarz
81249264,Q136457640,['Q6581097'],[],['Q628099'],João Brandão
81249278,Q50358553,['Q6581097'],['Q30'],['Q16271064'],Jesse Leland Grismer
81249284,Q136432414,['Q6581097'],[],[],Sunday Ogidigbo
81249285,Q123466007,['Q6581097'],['Q30'],['Q937857'],Adam Beaudry
81249472,Q16584677,['Q6581097'],['Q298'],['Q82955'],Juan García Romero
81249558,Q136432409,['Q6581097'],[],[],Santos Medel
81249567,Q20603987,['Q6581097'],['Q258'],['Q3400985'],
81249589,Q16493497,['Q6581097'],['Q298'],['Q82955'],Jorge Cvitanic Simunovich
81249607,Q132459112,['Q6581097'],['Q347'],"['Q82955', 'Q154549', 'Q42973']",
81249718,Q136432734,['Q6581097'],[],[],Richard Muton
81249735,Q16145625,['Q6581097'],['Q298'],['Q82955'],Nicanor Allende
81249759,Q136432735,['Q6581097'],[],[],Dakarai Mafico
81249826,Q114346144,['Q6581072'],['Q38'],['Q14089670'],Francesca Granzotto
81249862,Q136432598,['Q6581097'],[],[],Abnildo do Nascimento d'Oliveira
81249886,Q136432337,['Q6581097'],['Q265'],"['Q114414171', 'Q4009406']",Fakhriddin Khamraev
81249887,Q30099235,['Q6581072'],['Q142'],['Q2309784'],Marine Cabirou
81249983,Q100924084,['Q6581097'],['Q159'],"['Q82955', 'Q17276321']",
81250072,Q136432737,['Q6581072'],[],[],Nancy Kilgas
81250105,Q13017270,['Q6581097'],['Q869'],[],Pra Kroo Garuna Wihari
81250158,Q5953105,['Q6581097'],['Q96'],['Q82955'],Juan de Dios Bojórquez
81250190,Q136432738,['Q6581072'],[],['Q82955'],Sue Gottling
81250195,Q2493351,['Q6581072'],['Q29999'],"['Q2159907', 'Q1397808', 'Q15253558']",Julia op ten Noort
81250238,Q136432739,['Q6581097'],[],['Q12299841'],Navin Bidaisee
81250246,Q13023324,['Q6581097'],[],[],Luang Phu Thong Ayana
81250283,Q131323308,['Q6581097'],['Q183'],['Q11513337'],Max Marzillier
81250295,Q114346146,['Q6581072'],['Q38'],['Q14089670'],Beatrice Capomaggi
81250442,Q16861857,['Q6581072'],['Q29'],"['Q1028181', 'Q15296811', 'Q583271', 'Q2518689']",Josefa Tolrà i Abril
81250480,Q136432819,['Q6581072'],[],['Q82955'],Catt Sandler
81250486,Q136432304,['Q6581072'],['Q30'],['Q11338576'],Phyllis Kugler
81250534,Q85853075,['Q6581097'],[],"['Q779815', 'Q266569']",Jiao Yesong
81250544,Q136433004,['Q6581072'],[],['Q82955'],Susan Homola
81250547,Q114346117,['Q6581072'],['Q38'],['Q14089670'],Emanuela Stecca
81250572,Q5798758,['Q6581097'],['Q298'],['Q937857'],Daniel Vicencio
81250583,Q136433002,['Q6581097'],[],['Q19204627'],Keenan Garber
81250592,Q136432999,['Q6581072'],[],['Q82955'],Gail Sanborn
81250599,Q136432997,['Q6581097'],[],['Q11338576'],Dickie Hanna
81250600,Q15819125,['Q6581097'],['Q948'],"['Q185992', 'Q82955']",Hamda Saied
81250602,Q136432992,['Q6581097'],[],[],Leo Gallagher
81250643,Q136433303,['Q6581072'],[],[],Susmitha Prabhakaran
81250761,Q102226130,['Q6581072'],[],['Q752129'],Mirjana Vukićević-Karabin
81250773,Q121355674,['Q6581097'],['Q414'],['Q937857'],Santiago Montiel
81250794,Q136432986,['Q6581097'],[],['Q18524075'],Les Presmyk
81250811,Q13023345,['Q6581097'],['Q869'],[],
81250862,Q126076149,['Q6581072'],"['Q7318', 'Q1206012']",[],Ilse Staiger
81250917,Q136432983,['Q6581072'],[],['Q1930187'],Meagan Fitzgerald
81250959,Q133483751,['Q6581072'],['Q38'],['Q14089670'],Alia Bitonci
81251063,Q4267705,['Q6581097'],['Q869'],['Q854997'],Phrakhrū Wisutthiwongsāčhānyānnamunī
81251166,Q13017537,['Q6581097'],['Q869'],[],Phra Pha Wanagosalthara
81251186,Q130211589,['Q6581072'],['Q916'],['Q11513337'],Juliana Ngleya Moko
81251241,Q136433136,['Q6581097'],[],['Q11338576'],Ossie Higgins
81251244,Q61117717,['Q6581097'],[],[],
81251277,Q6504504,['Q6581097'],['Q414'],"['Q82955', 'Q1930187', 'Q40348']",Juan Stefanich
81251301,Q109278899,['Q6581097'],['Q183'],['Q82955'],Martin Schmidt
81251397,Q136433134,['Q6581097'],[],['Q11338576'],Roger Pleace
81251447,Q63437235,['Q6581072'],['Q794'],"['Q33231', 'Q957729']",Forough Alaei
81251479,Q9175786,['Q6581097'],['Q36'],['Q33999'],Bogusław Kaczmarczyk
81251488,Q136433300,['Q6581097'],[],['Q937857'],Zahid Luqman
81251506,Q135885106,['Q6581072'],['Q38'],['Q14089670'],Gaia Buso
81251509,Q136433299,['Q6581072'],[],[],Shirley Ann Bruce Darrell
81251524,Q136437406,['Q6581097'],[],[],Jonathan B. Baer
81251567,Q136433293,['Q6581097'],[],['Q82955'],Giriraj Prasad Tiwari
81251693,Q19973604,['Q6581097'],['Q77'],"['Q1930187', 'Q36834']",Andrés Torrón
81251741,Q136433289,['Q6581072'],[],[],Winonah Leah Monroney Sanger
81251802,Q21208793,['Q6581097'],['Q38'],"['Q806798', 'Q2961975']",Marco Morelli
81251886,Q124094636,['Q6581072'],[],"['Q81096', 'Q1906857']",Michele H. Miller
81251910,Q13023363,[],['Q869'],[],
81251916,Q813152,['Q6581072'],"['Q145', 'Q183']","['Q7541856', 'Q483501']",Beate Kuhn
81252077,Q136433439,['Q6581097'],[],['Q378622'],Kyle Dudley
81252083,Q75292317,['Q6581072'],['Q145'],['Q17488316'],Joanne Elizabeth Cutler
81252117,Q136433438,['Q6581097'],[],[],Arvind S Kashyap
81252136,Q136430304,['Q6581097'],[],[],Alessandro Marocco
81252175,Q136349510,['Q6581097'],[],['Q82955'],Madan Prasad Pariyar
81252176,Q15713960,['Q6581097'],[],['Q193391'],Arne Fältheim
81252333,Q121820018,['Q6581072'],['Q29999'],"['Q11513337', 'Q25439032']",Kiki Hendriks
81252346,Q130458747,['Q6581097'],['Q183'],"['Q82955', 'Q40348']",Christopher Salm
81252503,Q23565989,['Q6581097'],['Q183'],['Q82955'],Ulrich Siegmund
81252545,Q136437008,['Q6581097'],[],[],Andrés Mosquera
81252627,Q1878684,['Q6581072'],"['Q183', 'Q16957']","['Q211346', 'Q1622272', 'Q783906', 'Q2920595']",Lykke Aresin
81252640,Q136433569,['Q6581097'],[],['Q49757'],Keningale Robert Cook
81252698,Q134339131,['Q6581097'],"['Q29', 'Q717']",['Q937857'],Martín Cuéllar
81252706,Q136433701,['Q6581097'],[],"['Q644687', 'Q33999', 'Q43845', 'Q1028181']",Stephen Q. Luckett
81252746,Q130384680,['Q6581072'],['Q183'],"['Q82955', 'Q185351']",Vivien Rottstedt
81252783,Q136437404,['Q6581072'],[],[],K.T. Stefanova
81252805,Q110028475,['Q6581097'],['Q77'],['Q33999'],Néstor Guzzini
81252818,Q59247752,['Q6581097'],['Q155'],['Q82955'],Jeferson Andrade
81252882,Q3510256,['Q6581097'],['Q142'],"['Q82955', 'Q201788']",Sébastien Pietrasanta
81252888,Q136433621,['Q6581072'],['Q30'],['Q974144'],Ima Winchell Stacy
81252949,Q136434104,['Q6581097'],['Q30'],"['Q3665646', 'Q5137571']",Mickey Fox
81252951,Q66663396,['Q6581097'],['Q29'],['Q82955'],
81252999,Q136433698,['Q6581097'],[],[],Max Rohn
81253400,Q136433771,['Q6581097'],[],['Q378622'],Bryce Applegate
81253423,Q96694518,['Q6581072'],['Q756617'],['Q937857'],Selma Svendsen
81253432,Q61117780,['Q6581097'],[],[],
81253552,Q136433852,['Q6581097'],[],['Q19204627'],King Ambers
81253737,Q25539994,['Q6581097'],[],[],
81253785,Q105734296,['Q6581097'],[],['Q937857'],Byron Bustamante
81253810,Q20563547,['Q6581097'],['Q869'],['Q1135621'],
81253816,Q136433845,['Q6581097'],[],['Q378622'],Michael Bumgarner
81254160,Q136447002,[],[],[],Au Chun-wah
81254243,Q15951853,['Q6581097'],[],"['Q82955', 'Q36180']",Bosone da Gubbio
81254303,Q13017324,['Q6581097'],['Q869'],[],Luang Phor Tha
81254359,Q18342901,['Q6581072'],['Q1054923'],['Q10800557'],Doris Chow
81254381,Q136433952,['Q6581097'],[],['Q378622'],T. J. DeCaire
81254735,Q136434025,['Q6581097'],['Q145'],['Q114414171'],Gavin Drysdale
81254854,Q136434074,['Q6581097'],['Q17'],['Q114414171'],Natsuki Toda
81254873,Q136434101,['Q6581097'],['Q784'],"['Q82955', 'Q13582652']",Delbert Paris
81255208,Q136434351,['Q6581097'],[],[],Erfan Bondori Deraznoei
81255209,Q136434350,['Q6581097'],['Q794'],[],Ali Baziyarshoorijeh
81255269,Q133836210,['Q6581097'],['Q36'],['Q131524'],Waldemar Stasiak
81255336,Q113451845,['Q6581097'],[],['Q212238'],Mohd Shafiq Abdullah
81255415,Q136434408,['Q6581097'],['Q145'],['Q114414171'],Rafi Solaiman
81255750,Q136434662,['Q6581072'],[],[],Afzaa Fadini Abdul Aziz
81255770,Q136170844,['Q6581072'],['Q30'],"['Q26481809', 'Q167199']",Elise Seignolle
81255814,Q136436980,['Q6581072'],[],['Q937857'],Melissa Behinan
81255852,Q109288296,['Q6581097'],['Q17'],"['Q2526255', 'Q28389']",Akio Fujimoto
81255956,Q114270313,['Q6581097'],['Q29'],"['Q937857', 'Q628099']",Miguel Corral
81256103,Q107452316,['Q6581097'],['Q29'],['Q193391'],Camilo Barcia García-Villamil
81256110,Q530810,['Q6581072'],['Q30'],"['Q33999', 'Q10798782', 'Q10800557']",Sarah Laine
81256157,Q136435479,['Q6581097'],[],[],Shuja Asad
81256162,Q136435474,['Q6581097'],[],['Q39631'],Hakim Daud
81256231,Q136434673,['Q6581072'],['Q1020'],['Q82955'],Catherine Mzumara
81256258,Q135067621,['Q6581097'],['Q902'],['Q33999'],Fs Nayeem
81256274,Q125985662,['Q6581097'],['Q213'],"['Q193391', 'Q82955']",Jaroslav Knot
81256317,Q136435524,['Q6581072'],[],['Q1930187'],Svetlana Khustik
81256376,Q119728050,['Q6581072'],['Q21'],[],Steffi Klenz
81256388,Q136436366,['Q6581097'],[],"['Q222344', 'Q33231']",Jehangir Choudhary
81256392,Q136436363,['Q6581097'],[],[],Ambrose Hawkins
81256415,Q136436361,['Q6581072'],[],['Q39631'],Bola Owolabi
81256456,Q95211149,['Q6581072'],['Q212'],['Q24037210'],Yana Yarosh
81256507,Q112194851,['Q6581097'],"['Q142', 'Q1028']",['Q937857'],Naïm Byar
81256508,Q55699616,['Q6581097'],['Q145'],"['Q1225716', 'Q16060693']",Willoughby Prescott Lowe
81256546,Q2925480,['Q6581072'],['Q142'],['Q947873'],Brigitte Simonetta
81256605,Q136436497,['Q6581097'],[],['Q81096'],Mazen Kalassina
81256610,Q136436494,['Q6581097'],[],['Q10843402'],Athole Still
81256659,Q136436491,['Q6581072'],[],[],Cathy Schmidt
81256664,Q136441791,['Q6581097'],[],['Q82594'],Philip Treleaven
81256666,Q136437411,['Q6581097'],[],[],Roman Holobutovskyy
81256729,Q130069455,['Q6581072'],['Q142'],['Q25439032'],Tiffany Logette-Lods
81256813,Q125915590,['Q6581097'],['Q183'],"['Q82955', 'Q694579']",Florian Köhler
81256850,Q130382483,['Q6581097'],['Q183'],['Q82955'],Jonas Dünzel
81256858,Q136436809,['Q6581097'],[],['Q19204627'],Mason Heintschel
81256860,Q136436807,['Q6581097'],[],['Q937857'],Jarvis Thornton
81257059,Q110109671,['Q6581072'],[],['Q11966252'],"Sangduen ""Lek"" Chailert"
81257064,Q118744790,['Q6581097'],[],['Q82955'],Senihad Sator
81257120,Q21091984,['Q6581072'],"['Q15180', 'Q159']",['Q33999'],Antonina Vvedenskaya
81257162,Q67073310,['Q6581097'],[],['Q82955'],Julian Brüning
81257183,Q94788991,['Q6581097'],"['Q183', 'Q7318']","['Q185351', 'Q1937003']",Georg Gassner
81257234,Q79225676,['Q6581097'],['Q142'],['Q16004471'],Mathurin Madore
81257333,Q108707139,['Q6581097'],[],['Q82955'],Michel-Friedrich Schiefler
81257363,Q117037272,['Q6581072'],['Q38'],"['Q14089670', 'Q694748']",Laura Gurioli
81257397,Q125807630,['Q6581097'],['Q213'],"['Q13382566', 'Q16004471']",Matyáš Novák
81257440,Q136436996,['Q6581097'],[],['Q10871364'],Ted Keller
81257461,Q20041361,['Q6581097'],[],['Q47064'],
81257536,Q114562349,['Q6581097'],['Q183'],['Q82955'],Thore Güldner
81257574,Q111446981,['Q6581072'],[],['Q82955'],Alexandra Becker
81257590,Q136437099,['Q6581097'],[],['Q13381863'],Roger Maunder
81257651,Q26799517,['Q6581097'],['Q155'],"['Q12765408', 'Q1622272']",Amilcar Tanuri
81257728,Q134087135,['Q6581072'],['Q39'],['Q15117302'],Rebekka Hauri
81257801,Q135722394,['Q6581072'],['Q183'],['Q82955'],
81258013,Q74375206,['Q6581097'],['Q39'],['Q2066131'],Fabian Blum
81258055,Q100767182,['Q6581097'],['Q664'],['Q3665646'],Flynn Cameron
81258164,Q136437431,['Q6581097'],[],[],Vincenzo Romeo
81258429,Q56794616,['Q6581097'],['Q16'],['Q350979'],John S. Richardson
81258492,Q22668416,['Q6581097'],['Q34'],['Q193391'],Erik von Sydow
81258588,Q136441792,[],[],[],Amir Behrouz
81258590,Q136437510,['Q6581097'],['Q668'],['Q114414171'],Pardeep Kumar
81258658,Q136437648,['Q6581097'],[],"['Q5716684', 'Q28971125', 'Q33999']",Tre' Booker
81258762,Q134534573,['Q6581072'],[],['Q3578589'],
81258835,Q122982216,['Q6581097'],['Q183'],"['Q82955', 'Q185351']",Lucas Schmitz
81258912,Q114597367,['Q6581097'],['Q183'],['Q82955'],Nico Bloem
81258937,Q136437800,['Q6581097'],[],[],Pak Myong-jin
81259006,Q30118593,['Q6581072'],['Q142'],"['Q11063', 'Q104042305']",Suzanne Débarbat
81259033,Q135742538,['Q6581097'],['Q183'],['Q82955'],
81259094,Q136437797,['Q6581072'],[],"['Q28971125', 'Q2490358', 'Q5716684']",Chandalae Lanouette
81259115,Q136437795,['Q6581072'],[],['Q11569986'],Helen Louise Beccard Niles
81259131,Q114054583,['Q6581072'],['Q159'],"['Q1930187', 'Q217105']",Maria Ponomarenko
81259135,Q65718439,['Q6581097'],['Q45'],['Q11513337'],Nuno Pereira
81259503,Q131690905,['Q6581097'],['Q183'],['Q109459317'],Dystrix
81259653,Q15069800,['Q6581097'],"['Q142', 'Q1028']","['Q1930187', 'Q1414443', 'Q28389', 'Q2526255']",Hicham Ayouch
81259670,Q130382492,['Q6581072'],['Q183'],['Q82955'],Elaine Jentsch
81259758,Q123822423,['Q6581097'],['Q183'],['Q82955'],Pascal Schleich
81259861,Q111395784,['Q6581072'],['Q183'],['Q82955'],Julia Harenz
81259885,Q136102738,['Q6581072'],"['Q142', 'Q174193']","['Q37226', 'Q131821805', 'Q28692502']",
81259904,Q136438208,['Q6581097'],[],['Q937857'],Vicente Durán
81259910,Q128123377,['Q6581097'],['Q29'],['Q937857'],Julio Díaz
81259944,Q136438206,['Q6581097'],[],['Q19204627'],Vyshonne Janusas
81259981,Q28540455,['Q6581072'],"['Q172579', 'Q38', 'Q414']","['Q36180', 'Q131524']",Vera Vigevani Jarach
81259989,Q136438383,['Q6581097'],[],[],Balthasar von Thannhausen
81259996,Q42303144,['Q6581097'],['Q183'],['Q82955'],Philipp Raulfs
81260009,Q136438379,['Q6581097'],[],[],Shaun Hergatt
81260032,Q136438378,['Q6581097'],[],[],Bahman Choubi-asl
81260062,Q136440729,['Q6581097'],[],['Q19204627'],Vershon Lee
81260070,Q136438377,['Q6581097'],[],['Q42603'],John Stuart Verschoyle
81260102,Q10312328,['Q6581097'],['Q155'],"['Q1930187', 'Q82955']",João Vítor Xavier
81260133,Q136438374,['Q6581097'],[],['Q937857'],Ronaldy
81260183,Q3362584,['Q6581072'],['Q142'],['Q82955'],Paola Zanetti
81260205,Q15921741,['Q6581097'],['Q258'],['Q33999'],James Norval
81260265,Q136438372,['Q6581097'],[],['Q82955'],Isaac Claver
81260292,Q136438371,['Q6581097'],[],[],Mark Adam Boland
81260315,Q15921742,['Q6581072'],['Q258'],['Q33999'],Anna Cloete
81260465,Q136438536,['Q6581097'],[],"['Q245068', 'Q33999']",Vikkals Vikram
81260697,Q130468151,['Q6581072'],['Q30'],['Q169470'],Helen S. Hopfield
81260877,Q124094661,['Q6581072'],[],"['Q1622272', 'Q81096', 'Q10497074']",Anne Spence
81261499,Q92729252,['Q6581097'],['Q30'],['Q488111'],Jake Adams
81261500,Q136438752,['Q6581097'],[],[],Levin Moreno
81261511,Q133833582,['Q6581072'],['Q881'],['Q2526255'],Đặng Thái Huyền
81261714,Q136438852,['Q6581097'],[],['Q82955'],Frank Nicastro
81262000,Q136438851,['Q6581097'],[],['Q82955'],Casey Conley
81262102,Q136438832,['Q6581072'],['Q408'],"['Q4009406', 'Q114414171']",Lexie Brown
81262118,Q136438850,['Q6581072'],[],['Q82955'],Ariel Oxaal
81262136,Q135269651,['Q6581097'],['Q236'],['Q937857'],Andrej Kostić
81262181,Q136160226,[],['Q833'],"['Q599151', 'Q82955']",
81262378,Q136438901,['Q6581097'],[],['Q4009406'],Nathan Jason
81262454,Q136438900,['Q6581072'],[],['Q4009406'],Akeesha Snowden
81262558,Q136438897,['Q6581072'],[],['Q82955'],Donna Ellis
81262640,Q3341689,['Q6581097'],['Q34266'],"['Q36180', 'Q10429346', 'Q33386280', 'Q15143191']",Nikolai Rubakin
81262655,Q136438896,['Q6581097'],[],['Q19204627'],Justin Jefferson
81262704,Q136438895,['Q6581072'],[],['Q82955'],Erika Conners
81262906,Q136438982,['Q6581072'],[],['Q82955'],Polly Campion
81262961,Q136439115,[],[],"['Q82955', 'Q1930187']",Navneet Chaturvedi
81263026,Q16981465,['Q6581097'],['Q33'],['Q11513337'],Teijo Kööpikkä
81263078,Q136438978,['Q6581097'],[],['Q19204627'],Tae Johnson
81263282,Q12215530,['Q6581097'],[],['Q12859263'],Sahban Wa'il
81263320,Q10304188,['Q6581097'],['Q155'],['Q937857'],Itamar Antônio Bellasalma
81263336,Q101130420,['Q6581097'],['Q38'],['Q2309784'],Filippo Agostinacchio
81263508,Q136447079,['Q6581072'],[],[],Swathy Nithyanand
81263547,Q136432770,['Q6581097'],['Q142'],"['Q1930187', 'Q33231']",Antoni Lallican
81263563,Q136439052,['Q6581097'],[],"['Q47064', 'Q19204627']",King Dixon
81263571,Q61088629,['Q6581097'],['Q833'],"['Q33999', 'Q177220']",Amir Masdi
81263725,Q20562233,['Q6581097'],['Q668'],['Q222344'],
81263778,Q136439210,['Q6581097'],[],"['Q49757', 'Q36180']",Božić Božićević
81263807,Q120059,['Q6581097'],['Q183'],"['Q1792450', 'Q11486702', 'Q15980158']",Hanno Hahn
81263873,Q136439208,['Q6581097'],[],[],Aleksandr Khrupin
81263910,Q136439204,['Q6581072'],[],[],Mildred McAdory
81263917,Q27758143,['Q6581097'],['Q408'],['Q6625963'],Mark Henshaw
81263952,Q136439202,['Q6581072'],[],['Q13381689'],Madina Mukhtorova
81263967,Q3739163,['Q6581097'],['Q211'],[],Konrad von Mandern
81264078,Q135473443,['Q6581072'],['Q96'],['Q25439032'],
81264106,Q136439241,['Q6581097'],[],[],P. K. T. Natarajaan
81264113,Q136439282,['Q6581097'],[],"['Q19204627', 'Q19841381']",Tom Maudlin
81264129,Q136439257,['Q6581097'],[],[],P. Rajarathnam
81264255,Q136439382,['Q6581072'],[],['Q674426'],Sonnet Stanfill
81264282,Q115184749,['Q6581097'],['Q145'],['Q2095549'],Harold White
81264337,Q136439379,['Q6581072'],[],"['Q10800557', 'Q33999']",Kumari Perera
81264338,Q1660874,['Q6581072'],['Q1206012'],"['Q36180', 'Q11900058']",Ina Reck
81264623,Q5866146,['Q6581097'],['Q29'],['Q193391'],Francisco Javier Elorza
81264631,Q136439646,['Q6581097'],[],"['Q10798782', 'Q10800557']",Khayalethu Xaba
81264676,Q136442742,[],[],[],Wang Hao
81264732,Q93415662,['Q6581097'],[],"['Q15472169', 'Q36180', 'Q117348422']",Antoni Gelonch
81264769,Q136439642,['Q6581072'],[],['Q937857'],Nur Lyana
81264888,Q136439824,['Q6581097'],[],['Q937857'],Yohaan Benjamin
81264909,Q112419430,['Q6581072'],[],['Q644687'],Pat Fogarty
81264959,Q136450454,['Q6581097'],[],[],Décio Andrade
81265084,Q136439917,['Q6581097'],[],"['Q49757', 'Q1028181', 'Q17505902']",George Hope Tait
81265198,Q136440065,['Q6581097'],[],['Q937857'],Ollie Bostock
81265225,Q136440054,['Q6581072'],[],[],Amitha Wedisinghe
81265233,Q136440048,['Q6581072'],[],['Q82955'],Ambari Daroueche
81265256,Q108207605,['Q6581072'],['Q145'],['Q2374149'],Rosamund Flora Shove
81265264,Q136440044,['Q6581097'],[],['Q937857'],Abdul Sesay
81265322,Q130382493,['Q6581072'],['Q183'],['Q82955'],Sophie Koch
81265335,Q123111064,['Q6581097'],"['Q212', 'Q858']","['Q2526255', 'Q28389']",Ameer Fakher Eldin
81265391,Q136440415,['Q6581097'],[],['Q13381863'],Malcolm Kerslake
81265474,Q136440186,['Q6581097'],['Q258'],"['Q4009406', 'Q114414171']",Puseletso Mabote
81265559,Q107097970,['Q6581097'],['Q29'],['Q193391'],Francisco Javier Conde de Saro
81265560,Q775341,['Q6581097'],['Q142'],"['Q2526255', 'Q28389', 'Q214917', 'Q36180', 'Q3282637']",Xavier Durringer
81265615,Q113803731,['Q6581072'],[],"['Q901', 'Q593644']",Ruby Kathryn Worner
81265641,Q136440407,['Q6581072'],[],[],Melicent Wathen
81265718,Q136440402,['Q6581097'],['Q928'],"['Q3665646', 'Q5137571']",Jed Colonia
81265821,Q112169767,['Q6581072'],['Q183'],['Q82955'],Enxhi Seli-Zacharias
81266092,Q136440925,['Q6581072'],[],['Q472898'],Zafire Hatun
81266093,Q113731812,['Q6581097'],[],[],Domenico Ottomano
81266135,Q86356452,['Q6581097'],['Q183'],"['Q82955', 'Q189290']",Marco Schulz
81266139,Q108544080,['Q6581097'],['Q45'],['Q11513337'],Etson Barros
81266142,Q58461527,['Q6581097'],['Q39'],"['Q40348', 'Q128304064', 'Q1622272']",Olivier Peter
81266196,Q123257114,['Q6581097'],['Q20'],['Q937857'],Isak Vådebu
81266256,Q136437381,['Q6581097'],['Q928'],['Q250867'],Edwin Oracion Panergo
81266349,Q100882938,['Q6581097'],['Q16'],['Q3665646'],Ken McKenzie
81266351,Q117037273,['Q6581072'],['Q38'],['Q14089670'],Alessandra Frangipani
81266379,Q136440916,['Q6581072'],[],['Q4009406'],Clara Barros
81266450,Q136440909,['Q6581097'],[],[],Andrew Patey
81266454,Q124323060,['Q6581072'],['Q183'],['Q82955'],Jennifer Gießler
81266496,Q64532504,['Q6581097'],['Q29999'],['Q33231'],Cor Vos
81266666,Q12271778,['Q6581097'],[],"['Q3242115', 'Q33231', 'Q37226']",Anastas Lozanchev
81266748,Q1301602,['Q6581097'],"['Q145', 'Q174193']","['Q28389', 'Q36180', 'Q4853732']",Marc Brandel
81266796,Q96185761,['Q6581072'],[],['Q1650915'],Nadezhda M Bulgakova
81266825,Q124303827,['Q6581072'],['Q813'],['Q82955'],Jamilya İsayeva
81266880,Q136463049,['Q6581072'],[],['Q36180'],Tonya Lawani
81266966,Q13035778,['Q6581097'],['Q258'],"['Q33999', 'Q28389', 'Q2526255']",Pierre de Wet
81267000,Q18912262,['Q6581072'],[],"['Q49757', 'Q6625963']",Theda Kenyon
81267002,Q136441798,['Q6581097'],[],"['Q2259451', 'Q33999']",James Pellow
81267158,Q29570171,['Q6581097'],['Q183'],['Q82955'],Alexander Zeyer
81267169,Q95189422,['Q6581072'],['Q145'],['Q33999'],Zuleika Robson
81267183,Q136441818,['Q6581097'],[],[],Louis Bidalira
81267198,Q136442265,['Q6581072'],[],"['Q483501', 'Q488205']",Zee Dyasi
81267277,Q12556779,['Q6581097'],[],['Q82955'],Nurtai Sabilianov
81267409,Q136442260,['Q6581097'],[],['Q937857'],Lisav Eissat
81267479,Q15223009,['Q6581072'],['Q142'],"['Q17344952', 'Q1706722', 'Q1914832']",Christine Rollard
81267605,Q136442258,['Q6581072'],[],[],Yu Si-eun
81267726,Q111432859,['Q6581097'],['Q183'],['Q82955'],Timo Ahr
81267778,Q133864032,['Q6581072'],['Q29'],['Q937857'],Silvia Cristóbal
81267817,Q95143138,['Q6581097'],[],"['Q1930187', 'Q1476215']",Maxence Melo Mubyazi
81267855,Q136442525,[],[],[],James T. Plousis
81267922,Q122971754,['Q6581097'],[],['Q36834'],JBS
81268002,Q133233684,['Q6581072'],['Q183'],['Q82955'],Lena Otto
81268010,Q135927838,['Q6581072'],['Q29'],"['Q2919046', 'Q1650915', 'Q19760296']",Isabel Esaín García
81268117,Q106387757,['Q6581072'],[],"['Q43845', 'Q36180']",Adrien Arpel
81268185,Q136442565,['Q6581097'],[],[],Behrooz Mahmoodi-Bakhtiari
81268254,Q136442721,['Q6581072'],[],[],Delaphine Grace Wyckoff
81268452,Q110613651,['Q6581097'],['Q298'],['Q937857'],Nicolás Garrido
81268463,Q136436362,['Q6581072'],['Q20'],['Q82955'],
81268493,Q135526416,['Q6581072'],['Q213'],['Q82955'],Katerina Demetrashvili
81268501,Q113464755,['Q6581097'],[],"['Q779815', 'Q715301', 'Q36180', 'Q27472738']",Hamish Steele
81268511,Q136443345,['Q6581097'],[],[],David Jeng
81268525,Q120450541,['Q6581072'],[],['Q82955'],Theresa Gröninger
81268531,Q136442917,['Q6581097'],['Q794'],[],Mehran Nikoee Majd
81268633,Q136442912,['Q6581097'],[],"['Q1186921', 'Q10871364']",Wilfredo Calviño
81268754,Q111395564,['Q6581097'],[],['Q82955'],Damhat Sisamci
81268767,Q136442908,['Q6581097'],['Q30'],['Q11303721'],Steven Fisk
81269198,Q2224454,['Q6581072'],['Q183'],['Q82955'],Sarah Philipp
81269244,Q133267450,['Q6581097'],['Q347'],['Q82955'],
81269250,Q136447001,[],[],[],Juan Carlos Sánchez Montes de Oca
81269256,Q115839776,['Q6581097'],['Q155'],['Q82955'],Ricardo Maia
81269331,Q136443072,['Q6581072'],[],[],Heather Spearman
81269351,Q47313677,['Q6581072'],['Q142'],['Q599151'],Maryvonne Le Brignonen
81269380,Q90005677,['Q6581072'],['Q29'],"['Q82955', 'Q40348']",Uxía Tizón Vázquez
81269435,Q10784328,['Q6581097'],['Q1069868'],['Q47064'],Lan Khâm
81269525,Q122224077,['Q6581072'],['Q36'],"['Q864503', 'Q11571698', 'Q1650915', 'Q2251335', 'Q30059961']",Janina Oszast
81269878,Q63313639,['Q6581097'],['Q213'],"['Q82955', 'Q185351']",Štěpán Slovák
81270310,Q1595919,['Q6581097'],['Q183'],['Q846750'],Hein Bollow
81270311,Q91183127,['Q6581072'],[],['Q1650915'],Parisa Saboori
81270363,Q11743864,['Q6581097'],['Q794'],"['Q82955', 'Q39631']",Mirza Mahmud Khan Hakim ol-Molk
81270500,Q105248461,['Q6581097'],[],['Q82955'],William Edward Carson
81270638,Q136443198,['Q6581072'],[],[],Kavita Baruah
81270652,Q47493989,['Q6581097'],['Q717'],['Q82955'],Luis Stefanelli
81270695,Q136098962,['Q6581097'],['Q213'],['Q82955'],Benjamin Činčila
81270729,Q5798157,['Q6581097'],['Q77'],"['Q39631', 'Q82955']",Daniel Bianchi
81270745,Q136437326,['Q6581097'],['Q213'],"['Q131717117', 'Q82955']",Jiří Vojáček
81270746,Q136443194,['Q6581097'],[],['Q937857'],Hasan Farhat
81270759,Q108198164,['Q6581097'],['Q172579'],['Q82955'],Achille Enoc Mariano
81270785,Q22665712,['Q6581097'],['Q30'],['Q33999'],Clement Fowler
81270887,Q136447003,[],[],[],Fátima Vila Nova
81271039,Q136447008,[],[],[],Hồ Văn Ngà
81271054,Q11310442,['Q6581097'],['Q148'],['Q36834'],Julian Yu
81271840,Q136443603,['Q6581097'],[],['Q937857'],Bogdan Budko
81271842,Q136443602,['Q6581097'],[],['Q937857'],Nureli Abbas
81272000,Q122055104,['Q6581097'],['Q30'],['Q36180'],Mark Oshiro
81272068,Q136443590,['Q6581097'],['Q948'],['Q4009406'],Mohamed Nidhal Khelifi
81272152,Q11644523,['Q6581097'],['Q17'],['Q733786'],
81272210,Q11644544,['Q6581097'],['Q17'],['Q854997'],Unshō
81272689,Q136443759,['Q6581097'],[],['Q1930187'],Frederick N. Rasmussen
81272706,Q136443757,['Q6581097'],[],['Q178197'],Rustom Jung
81272905,Q136443814,['Q6581097'],[],['Q82955'],Alfred Gangata
81272968,Q124751557,['Q6581097'],[],['Q82955'],Javad Hajizadeh Kalajahi
81273037,Q60287289,['Q6581097'],['Q43'],['Q2182752'],Emin Moğulkoç
81273088,Q136444014,['Q6581097'],[],[],Charlie Ramos
81273098,Q136443970,['Q6581097'],['Q884'],['Q47064'],Kwak Jong Geun
81273136,Q114052277,['Q6581097'],[],['Q3400985'],
81273288,Q136444170,['Q6581097'],[],[],Fletcher Smythe-Lowe
81273361,Q1356496,['Q6581097'],['Q183'],"['Q16267607', 'Q1622272']",Helmut van Thiel
81273511,Q136445197,['Q6581097'],[],['Q937857'],Karlo Kuranyi
81273718,Q133882780,['Q6581097'],['Q227'],['Q13381376'],İsa Rüstəmov
81273723,Q136445371,['Q6581097'],[],['Q937857'],Syahir Rashid
81273773,Q112575914,['Q6581097'],['Q399'],['Q13381376'],Gor Sahakyan
81273840,Q117803505,['Q6581097'],['Q38'],['Q13381376'],Oscar Reyes
81273842,Q136447006,[],[],[],Zahid Niaz
81273852,Q28811790,['Q6581097'],['Q142'],"['Q42973', 'Q3621491']",Jean Lauffray
81273907,Q114564137,['Q6581072'],['Q30'],"['Q15839206', 'Q12119633']",Mary E. Brunkow
81273909,Q136445354,['Q6581072'],[],[],Kimberley Swords
81273915,Q117728969,['Q6581072'],['Q29'],['Q13381376'],Marta García
81273943,Q136443000,['Q6581097'],['Q222'],"['Q3400985', 'Q1569495', 'Q21281706', 'Q1607826']",Ermal Hasimja
81273957,Q115675134,['Q6581072'],[],['Q13381376'],Andreea Cotruţa
81273971,Q3608074,['Q6581097'],['Q39'],['Q937857'],Albert Weber
81273992,Q136445547,['Q6581072'],[],['Q2865819'],Teona Todua
81274076,Q135919564,['Q6581097'],['Q224'],['Q937857'],Branimir Mlačić
81274098,Q136450450,['Q6581097'],[],[],Afetsi Awoonor
81274129,Q23900762,['Q6581072'],['Q30'],['Q33999'],Anne Neyland
81274165,Q115644414,['Q6581097'],[],[],He Yueji
81274166,Q136451680,['Q6581072'],[],[],Vera Alexander
81274179,Q136445902,[],[],[],Chris Latchem
81274205,Q136445545,['Q6581097'],[],['Q937857'],Marino Skelin
81274273,Q126911792,['Q6581097'],['Q183'],['Q82955'],Maximilian Müger
81274301,Q46995807,['Q6581097'],['Q39'],['Q2462658'],Giacomo Balzarini
81274305,Q136445897,['Q6581097'],[],['Q937857'],Luka Hodak
81274317,Q136445837,['Q6581097'],[],[],S. S. Thirunavukkarasu
81274333,Q134160216,['Q6581097'],['Q408'],['Q639669'],
81274342,Q114598338,['Q6581097'],['Q183'],['Q82955'],Julius Schneider
81274399,Q13036361,['Q6581072'],['Q258'],"['Q33999', 'Q10800557']",Wena Naudé
81274412,Q114598337,['Q6581097'],['Q183'],['Q82955'],Constantin Grosch
81274464,Q115305700,['Q6581072'],['Q183'],['Q82955'],Sophie Ramdor
81274476,Q3559678,['Q6581097'],['Q142'],"['Q1930187', 'Q37226', 'Q2722764']",Vincent Josse
81274482,Q136463051,['Q6581097'],[],[],Willah Mudolo
81274485,Q136445892,['Q6581097'],[],['Q937857'],Tuan Mohamed Amidon
81274486,Q136445885,['Q6581097'],[],"['Q483501', 'Q2722764', 'Q639669', 'Q183945']",Geeneus
81274575,Q123203326,['Q6581072'],[],['Q82955'],Marie-Sophie Künkel
81274635,Q58066268,['Q6581097'],[],['Q1650915'],Jonathan Jiang
81274675,Q112243874,['Q6581097'],['Q183'],['Q82955'],Daniel Scheen-Pauls
81274759,Q106677312,['Q6581097'],['Q227'],['Q13381376'],Dadash Dadashbayli
81275089,Q106098959,['Q6581097'],['Q183'],['Q82955'],Daniel Lindenschmid
81275149,Q136446954,['Q6581097'],[],['Q937857'],Giorgos Passios
81275214,Q42396966,['Q6581097'],['Q77'],"['Q36180', 'Q1238570', 'Q1650915']",Daniel Chasquetti
81275222,Q136446950,['Q6581072'],[],"['Q1930187', 'Q2722764']",Gugulethu Mfuphi
81275248,Q136446947,['Q6581097'],[],[],Ryusei Hamada
81275266,Q11554152,['Q6581097'],['Q17'],"['Q36834', 'Q1075651']",Shin Kōno
81275268,Q114637651,['Q6581097'],['Q183'],['Q82955'],Dennis Jahn
81275313,Q136446941,['Q6581072'],[],[],Kate Steinberg
81275377,Q124369614,['Q6581097'],[],['Q82955'],Alexander Hofmann
81275402,Q5657255,['Q6581097'],['Q29'],['Q193391'],Carlos Bastarreche
81275413,Q136446931,['Q6581097'],[],['Q937857'],Lithierry Silva
81275625,Q136450440,['Q6581097'],[],['Q937857'],Raúl Pereira
81275687,Q120825696,['Q6581097'],['Q219060'],"['Q6625963', 'Q121594']",Ahmad Harb
81275737,Q9633486,['Q6581097'],[],['Q47064'],
81275744,Q136447772,['Q6581072'],[],[],Katinka Blackford Newman
81275846,Q64827512,['Q6581097'],['Q668'],['Q222344'],Prem Sagar
81275906,Q43127943,['Q6581072'],"['Q668', 'Q129286', 'Q1775277']",['Q483501'],Shobha Broota
81275960,Q136447347,['Q6581097'],[],['Q82955'],Nick Derzis
81276044,Q123594760,['Q6581072'],['Q38'],['Q14089670'],Alessia Pilani
81276246,Q136447515,['Q6581097'],[],[],Mally Smith
81276250,Q133229937,['Q6581097'],['Q174193'],[],Alex Henderson
81276441,Q136447441,['Q6581072'],[],"['Q483501', 'Q10774753']",Berenice Olmedo
81276448,Q136447510,['Q6581097'],[],['Q937857'],Ioan Vermeșan
81276506,Q16545201,['Q6581097'],[],['Q33999'],Filip Pławiak
81276631,Q136463047,['Q6581097'],[],[],Abdul Rehman Katki
81276689,Q136447506,['Q6581097'],[],[],Sadiq Isu
81276732,Q136447766,['Q6581072'],[],['Q33999'],Aratrika Maity
81276756,Q136447760,['Q6581097'],[],['Q47064'],Calton Younger
81276797,Q112521358,['Q6581072'],['Q36'],"['Q1792450', 'Q1622272', 'Q674426']",Agnieszka Lajus
81276821,Q133445267,['Q6581072'],['Q38'],['Q14089670'],Désirée Spinelli
81276910,Q10347774,['Q6581097'],['Q155'],"['Q4351403', 'Q36834']",Pedro Sorongo
81277022,Q136447750,['Q6581072'],[],[],Madeline Munro
81277083,Q106684008,['Q6581097'],[],['Q36180'],Kwame Mbalia
81277112,Q130563646,['Q6581097'],[],['Q937857'],Leon-Oumar Wechsel
81277189,Q136447746,['Q6581072'],[],['Q1930187'],Julie Tsirkin
81277193,Q106097878,['Q6581097'],[],"['Q765778', 'Q639669']",Nicolas Kynaston
81277198,Q136447739,['Q6581097'],[],[],Robert Henry Kinahan
81277209,Q75259000,['Q6581072'],[],[],Countess Henrietta Danneskjold-Samsöe
81277264,Q97173632,['Q6581097'],[],['Q193391'],Johann Franz von Pretlack
81277390,Q136437813,['Q6581097'],[],['Q937857'],Ibon Sánchez
81277423,Q136447996,['Q6581097'],[],['Q3665646'],Robbie Parris
81277430,Q136447990,['Q6581097'],[],['Q14089670'],Sebastian Sialau
81277518,Q19838960,['Q6581097'],['Q28'],['Q43845'],Mór Balázs
81277531,Q90798372,['Q6581072'],[],['Q1650915'],Nicole R Holliday
81277580,Q123554896,['Q6581097'],[],['Q82955'],Maximilian Ziegler
81277602,Q99645315,['Q6581097'],['Q801'],"['Q36834', 'Q183945', 'Q177220', 'Q1643514', 'Q639669']",Tomer Biran
81277628,Q136448342,['Q6581097'],[],"['Q36180', 'Q82594', 'Q5482740']",Glauber Costa
81277629,Q136448340,['Q6581097'],[],['Q483501'],Cédric Hervet
81277759,Q136455586,['Q6581097'],[],[],James Johnston
81277773,Q136448338,['Q6581072'],[],['Q16533'],Diane Goodstein
81277777,Q24266378,['Q6581072'],['Q142'],"['Q703534', 'Q15627169']",Camille Senon
81277855,Q136448334,['Q6581072'],[],"['Q36180', 'Q486748']",Sybla Ramus
81277872,Q136448333,['Q6581097'],[],['Q1930187'],Jonathan Dienst
81277906,Q136448305,['Q6581097'],['Q1019'],['Q189290'],Ruphin Zafisambo
81278043,Q136448583,['Q6581097'],[],"['Q19204627', 'Q10871364']",Bob Barrabee
81278066,Q101538152,['Q6581097'],['Q419'],['Q188094'],Augusto Valqui Malpica
81278103,Q136448581,[],[],[],Nour al-Jandali
81278133,Q90421558,['Q6581072'],[],['Q1622272'],Ya Wang
81278152,Q136456011,['Q6581097'],[],[],Iyebiye Adeitan
81278157,Q12250827,['Q6581072'],['Q1049'],"['Q901', 'Q3400985', 'Q170790', 'Q752129']",Widad Ibrahim Elmahboub
81278165,Q6483620,['Q6581097'],['Q794'],['Q49757'],Qodsi Mashhadi
81278178,Q111418675,['Q6581097'],[],['Q82955'],Maximilian Raber
81278399,Q123285638,['Q6581097'],['Q183'],['Q82955'],Gerhard Bärsch
81278419,Q136448548,['Q6581097'],['Q145'],['Q189290'],Tony Davis
81278500,Q58996577,['Q6581097'],['Q155'],['Q82955'],Eduardo Bismarck
81278605,Q5920166,['Q6581072'],['Q29'],['Q82955'],Irene García
81278628,Q18222307,['Q6581072'],['Q16'],"['Q16145150', 'Q36834', 'Q2865819']",Dorothy Howard
81278660,Q136463040,['Q6581097'],[],"['Q188094', 'Q36180']",Douglas N. Harris
81278699,Q133869878,['Q6581097'],['Q209065'],"['Q185351', 'Q49757']",
81278709,Q136448766,['Q6581097'],[],[],Edward D. Phelka
81278725,Q16916373,['Q6581097'],['Q142'],"['Q82955', 'Q3578589']",Guillaume Balas
81279217,Q136448958,['Q6581097'],[],[],Abdullah Ilgaz
81279253,Q136448955,['Q6581097'],[],['Q82955'],Edward F. Corsi
81279372,Q136448953,['Q6581097'],[],"['Q1709010', 'Q483501']",Riley Walz
81279403,Q99980497,['Q6581097'],['Q219060'],"['Q47064', 'Q188094']",Zuhair Manasra
81279493,Q136450447,['Q6581097'],[],['Q937857'],Mohamed Ali Zoma
81279547,Q16356840,['Q6581097'],['Q211'],['Q82955'],Ziedonis Čevers
81279609,Q136448186,['Q6581097'],['Q39'],['Q82955'],
81279636,Q136430807,['Q6581097'],['Q265'],"['Q131524', 'Q26481809']",Bakhodir Abdullaev
81279640,Q28966615,['Q6581097'],['Q38'],['Q82955'],Alvaro Superchi
81280046,Q85988675,[],[],[],
81280172,Q98757982,['Q6581072'],['Q17'],['Q4009406'],Mana Sasaki
81280184,Q134283915,['Q6581072'],['Q145'],"['Q2732142', 'Q482980', 'Q36180']",Georgina Sturge
81280216,Q136449647,['Q6581097'],[],['Q937857'],Vladimir Fratea
81280229,Q136449645,['Q6581097'],['Q30'],"['Q19204627', 'Q40348']",Archibald Stevenson
81280284,Q133011209,[],[],[],
81280380,Q136449702,['Q6581097'],[],['Q3282637'],Olakunle Martini Akande
81280393,Q94518753,['Q6581072'],[],[],Young-Key Kim-Renaud
81280424,Q136449701,['Q6581097'],[],['Q10842936'],Philippos Matthai
81280564,Q136449802,['Q6581097'],[],['Q1186921'],Max Weir
81280765,Q136449919,['Q6581097'],['Q20'],['Q82955'],Knut Skaaluren
81280811,Q136457044,['Q6581097'],[],['Q19204627'],Shawn Daniel
81280950,Q136450069,['Q6581097'],[],"['Q47064', 'Q82955']",John Quincy Dickinson
81280963,Q134582495,['Q6581097'],['Q794'],"['Q17125263', 'Q109459317']",ManiVerse
81281012,Q136450063,['Q6581097'],[],"['Q245068', 'Q33999']",Rajkumar Kasireddy
81281120,Q57695455,['Q6581097'],[],['Q1650915'],Morteza Dehghani
81281168,Q117469734,['Q6581097'],['Q37'],['Q937857'],Romualdas Jansonas
81281444,Q136450453,['Q6581097'],[],['Q2961975'],Rahul Shandilya
81281452,Q136450416,['Q6581072'],[],['Q82955'],Fathimath Jameel
81281567,Q136450413,['Q6581097'],[],[],Ezekiel Akwana
81281624,Q13032803,['Q6581097'],['Q36'],['Q42973'],Stanisław Juchnowicz
81281650,Q135742363,['Q6581097'],[],['Q639669'],Rod Stephen
81281651,Q136450410,['Q6581097'],[],['Q82955'],Justin Sadack Saidi
81281663,Q136450409,['Q6581097'],[],[],Peter Okidi
81281683,Q16566966,['Q6581097'],['Q38'],"['Q7042855', 'Q1235146', 'Q2526255', 'Q69423232', 'Q3282637']",Jacopo Quadri
81281787,Q136463043,['Q6581097'],[],[],Duncan Burton
81281910,Q136450586,['Q6581097'],[],"['Q33999', 'Q2526255']",Diya Khwairakpam
81281914,Q3056998,['Q6581097'],['Q142'],['Q1028181'],Ernest Guérin
81281936,Q124844950,['Q6581097'],[],['Q937857'],Tawfik Bentayeb
81281961,Q136450585,['Q6581072'],[],['Q937857'],Jackline Juma
81282042,Q92977703,['Q6581072'],[],['Q1650915'],
81282045,Q120599311,['Q6581097'],['Q668'],[],Anil Borah
81282046,Q136450742,['Q6581097'],[],['Q937857'],Yusuf Sesay
81282047,Q120750743,['Q6581097'],['Q1033'],['Q33999'],Emeka Rollas Ejezie
81282049,Q31725616,['Q6581072'],['Q129286'],['Q82955'],Mohini Devi
81282101,Q134428994,['Q6581097'],[],['Q11986654'],Rob Eissler
81282106,Q136455985,['Q6581097'],['Q794'],['Q937857'],Mahdi Mohsenkhah
81282128,Q136450738,['Q6581097'],[],['Q937857'],Tanatswa Nyakuhwa
81282207,Q21061397,['Q6581097'],['Q40'],"['Q2526255', 'Q28389', 'Q36180']",Sebastian Brauneis
81282352,Q13034904,['Q6581097'],['Q258'],['Q33999'],Hendrik Hanekom
81282374,Q2871531,['Q6581097'],['Q142'],"['Q201788', 'Q901402']",Augustin Bernard
81282491,Q13035428,['Q6581072'],['Q258'],['Q33999'],Mathilda Hanekom
81282496,Q27031128,['Q6581097'],[],[],Vasily of Suzdal
81282570,Q3165140,['Q6581097'],['Q142'],['Q82955'],Jean-Claude Méry
81282638,Q136451332,['Q6581097'],[],[],John Njogu
81282771,Q136451327,['Q6581097'],[],[],Danstun Nyaudo
81282952,Q136463048,['Q6581072'],[],[],Pushpi Weerakoon
81282957,Q130341584,['Q6581097'],['Q414'],['Q14089670'],Pedro Delgado
81283038,Q97582954,['Q6581072'],[],['Q483501'],Margaret Miller Cooper
81283072,Q3318577,['Q6581097'],['Q1028'],"['Q1028181', 'Q3391743']",Mohamed Hamidi
81283098,Q16374593,['Q6581072'],"['Q34266', 'Q245160', 'Q15180']","['Q593644', 'Q901']",Rusudan Nikoladze
81283119,Q111439593,['Q6581097'],[],['Q82955'],Pascal Arweiler
81283204,Q4297167,['Q6581097'],[],[],"Mikhail Andreevich, Prince of Suzdal"
81283215,Q45779780,['Q6581072'],['Q1020'],['Q82955'],Beatrice Mwale
81283236,Q136451581,['Q6581097'],[],['Q14089670'],Bachuki Tchumbadze
81283377,Q136451590,['Q6581072'],['Q928'],['Q65924683'],Jenifer Kilapio
81283482,Q135010692,['Q6581097'],"['Q39', 'Q43']",['Q937857'],Tugra Turhan
81283553,Q18811870,['Q6581097'],['Q38'],"['Q3282637', 'Q578109']",Giuseppe Colombo
81283605,Q110536989,['Q6581097'],['Q29'],['Q2309784'],Fernando Tercero
81283623,Q136451783,['Q6581072'],[],[],Katharine Barnwell
81283739,Q136451803,['Q6581097'],['Q928'],['Q65924683'],Carlos Baylon Jr.
81283806,Q133308304,['Q6581097'],['Q183'],['Q82955'],Peter Gerhardt
81284133,Q136452077,['Q6581097'],[],"['Q222344', 'Q1235146']",K Vaikunth
81284554,Q136452074,['Q6581072'],[],[],Sonia Lal Gupta
81284594,Q136450935,['Q6581072'],['Q183'],"['Q82955', 'Q40348']",Iris Stalzer
81284732,Q9027721,['Q6581097'],['Q29'],"['Q188094', 'Q82955', 'Q1930187']",Manuel Conthe
81284738,Q23562127,['Q6581097'],['Q183'],['Q82955'],Stefan Herre
81284772,Q135513269,['Q6581072'],['Q155'],['Q14089670'],Taís Prioste
81284796,Q111433128,['Q6581072'],['Q36'],"['Q1930187', 'Q36180']",Katarzyna Kubisiowska
81284808,Q11728217,['Q6581097'],[],['Q177220'],Jonny Ragga
81284974,Q115797983,['Q6581072'],['Q754'],['Q212238'],Indra Sinanan Ojah-Maharaj
81284978,Q85988661,['Q6581097'],[],[],
81285018,Q136452303,['Q6581097'],[],"['Q17578116', 'Q15722501', 'Q21328575']",Abdulla Jameel
81285027,Q59528385,['Q6581072'],['Q145'],"['Q17167049', 'Q1622272']",Julia Briggs
81285102,Q85988891,['Q6581097'],[],[],
81285198,Q136457083,['Q6581097'],[],"['Q11513337', 'Q51536424']",Tristan Smyth
81285223,Q136440271,['Q6581097'],['Q36'],['Q486748'],Mateusz Dubiel
81285245,Q15921653,['Q6581097'],['Q258'],['Q33999'],Paul de Groot
81285257,Q20562476,['Q6581097'],[],['Q733786'],
81285270,Q125976340,['Q6581072'],['Q1009'],"['Q3400985', 'Q1476215']",Larissa Kojoué
81285291,Q136452485,['Q6581097'],[],[],Joe Khan
81285330,Q136457084,['Q6581097'],[],['Q43845'],Aundray Perera
81285356,Q136452337,['Q6581072'],['Q30'],"['Q36180', 'Q7643464', 'Q121594', 'Q6625963', 'Q33112378']",Grace Espy Patton
81285365,Q136457099,['Q6581097'],[],['Q378622'],Ishaan Madesh
81285481,Q136455280,['Q6581072'],[],[],Devyn Simone Lock
81285512,Q136452448,['Q6581097'],[],['Q4964182'],Thomas Senor
81285597,Q112110429,['Q6581072'],[],"['Q36180', 'Q1930187']",Andrea Bartz
81285623,Q136453869,['Q6581097'],[],"['Q3400985', 'Q593644']",Diwan Singh Rawat
81285646,Q17990829,['Q6581097'],[],['Q47064'],
81285683,Q130396285,['Q6581097'],['Q183'],['Q82955'],Lars Katzmarek
81285757,Q16301527,['Q6581097'],['Q298'],['Q937857'],Juan Carlos Peralta
81285768,Q136457092,['Q6581072'],[],['Q36180'],Holly Rhiannon
81285780,Q133686561,['Q6581097'],[],['Q1930187'],
81285946,Q68101801,['Q6581097'],['Q183'],['Q82955'],Felix Horst Wolfgang Teichner
81285952,Q135350001,[],[],[],
81286069,Q136454467,['Q6581072'],['Q39'],['Q24037210'],Lauren Grüniger
81286086,Q68047277,['Q6581097'],"['Q16957', 'Q183']","['Q37226', 'Q82955']",Dennis Hohloch
81286101,Q136455079,['Q6581097'],[],[],James Cogan
81286130,Q136455077,['Q6581097'],[],['Q1930187'],Sahil Kapur
81286133,Q136455074,['Q6581097'],[],['Q378622'],Dustin Hillenburg
81286164,Q2821005,['Q6581097'],['Q262'],"['Q82955', 'Q39631']",Abd al-Aziz Ziari
81286204,Q17160192,['Q6581097'],['Q854'],['Q854997'],Alubomulle Sumanasara
81286240,Q112388620,['Q6581097'],[],['Q47064'],Edward M. Flanagan
81286359,Q136454919,['Q6581097'],[],"['Q33999', 'Q10800557']",Giannis Tsoumarakis
81286454,Q136455274,['Q6581072'],[],[],Lilit Manukyan
81286489,Q125380572,['Q6581097'],['Q5148518'],['Q131512'],William Congreve
81286721,Q136455269,['Q6581072'],['Q30'],['Q937857'],Madison Haugen
81286797,Q68202587,['Q6581097'],"['Q16957', 'Q183']",['Q82955'],Ludwig Scheetz
81286836,Q59004375,['Q6581072'],['Q155'],['Q82955'],Greyce Elias
81286856,Q107631372,['Q6581097'],[],"['Q82955', 'Q372436']",
81286877,Q136455412,['Q6581072'],[],"['Q901', 'Q4610556']",Melanie Shiraz
81286932,Q112035442,['Q6581072'],['Q29'],['Q82955'],Rebeca Torró Soler
81286951,Q136455411,['Q6581097'],[],"['Q17614049', 'Q378622']",Brad Means
81287013,Q2939324,['Q6581097'],['Q142'],"['Q82955', 'Q2251335']",Carlos Da Silva
81287037,Q136455410,['Q6581072'],[],['Q193391'],Esti Andayani
81287179,Q136460111,['Q6581097'],[],['Q82955'],
81287188,Q110114367,['Q6581072'],[],['Q37226'],Husni-Jamal Nuralyhanova
81287270,Q136455492,['Q6581097'],[],['Q19204627'],Nate Sheppard
81287413,Q136463018,['Q6581072'],[],['Q40348'],May Agbamuche-Mbu
81287430,Q9146715,['Q6581072'],['Q36'],['Q33999'],Aleksandra Woźniak
81287496,Q136455887,['Q6581097'],[],[],Johann Kaspar Laaba
81287499,Q134726707,['Q6581072'],['Q30'],['Q12013238'],Georgiana Dvorak-Theobald
81287537,Q44732069,['Q6581072'],['Q30'],"['Q15976092', 'Q1622272']",Emma Brunskill
81287552,Q136387903,['Q6581097'],['Q30'],['Q3665646'],Zack Austin
81287630,Q136455873,['Q6581072'],[],['Q177220'],Nazir Begum
81287680,Q136455866,['Q6581097'],[],['Q378622'],Cameron Bolin
81287814,Q97221826,['Q6581097'],[],[],
81287907,Q20562451,['Q6581097'],[],[],Phra Mahā Khanāčhān Čhīn Thamma samāthiwat
81287936,Q85988697,['Q6581097'],[],[],
81288018,Q136456002,[],[],['Q378622'],Zack Miracle
81288065,Q136456001,['Q6581097'],[],['Q43845'],Derek Hurlock
81288131,Q136463050,[],[],[],Susan Dyer Reynolds
81288159,Q136456095,['Q6581097'],[],['Q13414980'],Jake Florenca
81288234,Q130476386,['Q6581097'],[],['Q937857'],
81288247,Q129944707,['Q6581097'],['Q191'],['Q937857'],Karel Mustmaa
81288248,Q136456094,[],[],['Q378622'],Carter Langley
81288316,Q18202527,['Q6581097'],['Q142'],['Q82955'],Pierre Médevielle
81288497,Q45956007,['Q6581072'],['Q142'],['Q82955'],Évelyne Perrot
81288530,Q136456150,['Q6581097'],[],['Q378622'],Daniel Silvestri
81288710,Q136465144,['Q6581097'],['Q408'],['Q1930187'],Murray Hunter
81288740,Q136456263,['Q6581097'],[],"['Q82955', 'Q40348']",N. Thippanna
81288941,Q15944508,[],['Q833'],['Q82955'],Rusnah binti Kassim
81288942,Q136456326,['Q6581097'],[],['Q33999'],Suraj Ngashepam
81289155,Q125346732,['Q6581097'],['Q668'],"['Q33999', 'Q177220']",Rajvir Jawanda
81289202,Q3023207,['Q6581097'],['Q16'],"['Q1930187', 'Q947873', 'Q270389', 'Q2722764']",Dennis Trudeau
81289371,Q136456425,['Q6581097'],[],['Q901'],Osama Tayyib
81289409,Q136456441,['Q6581097'],[],"['Q177220', 'Q947873', 'Q5716684']",Robot Boii
81289444,Q112445809,['Q6581097'],[],[],Thomas P. Flint
81289539,Q112488199,['Q6581097'],[],['Q121594'],Mark C. Murphy
81289545,Q136463055,['Q6581072'],[],['Q82594'],Hana Abdullah Alnuaim
81289632,Q136456684,['Q6581097'],['Q408'],['Q11303721'],Aaron Pike
81289726,Q136457107,['Q6581097'],[],['Q1930187'],Arnold Asamoah-Baidoo
81289728,Q136456843,['Q6581097'],[],['Q16012028'],Ronald Mann
81289750,Q136456840,['Q6581097'],[],"['Q10798782', 'Q33999']",Dhrubajyoti Sarkar
81289817,Q133575298,['Q6581072'],['Q183'],"['Q82955', 'Q169470']",Andrea Lübcke
81289921,Q136457104,[],[],[],Lists of births by year
81289982,Q112559218,['Q6581097'],[],"['Q4964182', 'Q1622272']",William J. Wainwright
81290003,Q134532450,['Q6581097'],['Q183'],['Q82955'],Reza Asghari
81290015,Q136456959,['Q6581097'],[],['Q33999'],Praveen Devasagayam
81290805,Q6457083,['Q6581072'],['Q142'],"['Q3455803', 'Q3387717']",Mariame Clément
81290870,Q89382824,['Q6581097'],['Q40'],"['Q2526255', 'Q28389', 'Q7042855']",Florian Pochlatko
81290911,Q136457430,['Q6581097'],[],['Q4964182'],Scott A. Davison
81290989,Q55759280,['Q6581097'],['Q183'],"['Q82955', 'Q2324479']",Bijan Kaffenberger
81291043,Q134173965,['Q6581072'],['Q39'],['Q82955'],Angela Koller
81291092,Q75267314,['Q6581097'],[],[],Kenneth Francis Mackenzie
81291180,Q136457561,['Q6581097'],[],['Q4964182'],Ronald L. Hall
81291289,Q136457639,['Q6581097'],[],[],Scott Slaugh
81291318,Q116524734,['Q6581097'],['Q31'],"['Q2252262', 'Q1320883']",Youssef Swatt's
81291651,Q125343682,['Q6581072'],['Q36'],['Q12094958'],Sylwia Tomecka-Suchoń
81291652,Q132459167,['Q6581097'],['Q347'],['Q82955'],Roger Schädler
81291680,Q110557338,['Q6581097'],[],['Q82955'],Alibek Kuantyrov
81291756,Q122242224,['Q6581097'],['Q183'],['Q82955'],Christian Mertens
81291761,Q3300839,['Q6581097'],['Q142'],['Q82955'],Maurice Giro
81291785,Q136458316,['Q6581097'],[],['Q937857'],Marcelo Timorán
81291810,Q23564376,['Q6581097'],['Q183'],['Q82955'],Hannes Loth
81291890,Q11569490,['Q6581097'],['Q875305'],['Q47064'],
81292016,Q136458165,['Q6581097'],[],[],Charles Ray Crawford
81292038,Q136458080,['Q6581097'],['Q948'],"['Q26481809', 'Q40348']",Moez Nasri
81292133,Q136458157,['Q6581097'],[],['Q378622'],Mason Bailey
81292173,Q136463014,['Q6581097'],[],[],Tarabina Birewibo Princewill
81292177,Q22133661,['Q6581097'],[],[],"Yuri, Duke of Suzdal"
81292210,Q125930100,['Q6581097'],['Q36'],['Q28389'],Łukasz M. Maciejewski
81292303,Q136458352,['Q6581097'],[],['Q245068'],Will Burkart
81292339,Q109442627,['Q6581072'],['Q252'],['Q82955'],Irene
81292389,Q136458347,['Q6581072'],[],['Q177220'],Belle Gonzalez
81292410,Q58799790,['Q6581097'],[],['Q937857'],Justice Figuareido
81292414,Q136458274,[],[],['Q378622'],Hudson Bulger
81292433,Q15970859,['Q6581097'],['Q142'],['Q1028181'],Roland Irolla
81292592,Q136458341,['Q6581072'],[],['Q14089670'],Larissa Henwood
81292683,Q71697875,['Q6581097'],['Q39'],[],François de Ziegler
81292749,Q11303936,['Q44148'],[],[],Gold City
81292872,Q136458281,['Q6581072'],[],['Q3273722'],Aminath Jameel
81292881,Q136458587,['Q6581097'],[],"['Q628099', 'Q937857']",Adam Nocoń
81292915,Q136463009,['Q6581097'],[],[],Saman de Silva
81292992,Q136458584,['Q6581097'],[],['Q4379701'],Mohamed Light
81293264,Q102090196,['Q6581097'],['Q30'],"['Q2732142', 'Q1622272']",I. Richard Savage
81293333,Q116499836,['Q6581072'],[],['Q14373094'],Leticia Medeiros
81293559,Q132462014,['Q6581072'],['Q17'],['Q4439155'],Kana Kobayashi
81293583,Q4231303,['Q6581097'],[],[],Konstantin Vasilyevich
81293592,Q136458663,['Q6581072'],['Q30'],['Q106568011'],Martha Van Marter
81293595,Q98075133,['Q6581072'],['Q30'],['Q937857'],Michaela Kovacs
81293663,Q25463148,['Q6581072'],['Q252'],[],Karlinah Djaja Atmadja
81293692,Q123034391,['Q6581097'],['Q183'],"['Q82955', 'Q40348']",Rene Dierkes
81293826,Q88966732,['Q6581072'],[],"['Q28692502', 'Q3242115']",Chen Tiejun
81293965,Q101244407,['Q6581072'],[],['Q56316287'],Ernesta Forti
81293979,Q136436327,['Q6581072'],['Q20'],['Q82955'],
81294066,Q88031286,['Q6581072'],[],"['Q39631', 'Q1622272', 'Q2640827', 'Q13638192']",Maya M Hammoud
81294099,Q18415885,['Q6581097'],['Q881'],"['Q639669', 'Q177220', 'Q753110']",Thế Hiển
81294201,Q115268521,['Q6581072'],['Q183'],['Q82955'],Anna Bauseneick
81294213,Q136463019,['Q6581097'],[],[],Wayne Colburn
81294499,Q88787576,['Q6581072'],['Q801'],"['Q1650915', 'Q2732142', 'Q170790']",Malka Gorfine
81294774,Q127684540,['Q6581072'],['Q30'],['Q11338576'],Stevie Morgan
81294839,Q90668841,['Q6581072'],['Q1033'],['Q152002'],Nike Adeyemi
81294933,Q95777922,['Q6581097'],[],"['Q222344', 'Q28389', 'Q3455803', 'Q7042855']",Helmut-Ulrich Weiss
81295039,Q136463017,['Q6581097'],[],"['Q639669', 'Q488205', 'Q177220']",Jake Gill
81295051,Q136460117,['Q6581072'],[],['Q3400985'],Bridget Gellert Lyons
81295112,Q9373888,['Q6581097'],['Q865'],"['Q10800557', 'Q2526255', 'Q33999']",Yen Cheng-kuo
81295266,Q67482691,['Q6581097'],[],['Q1650915'],George S. Bova
81295443,Q136460308,['Q6581097'],[],"['Q593644', 'Q2114605', 'Q901']",David Repke
81295453,Q85889254,['Q6581097'],['Q34'],['Q121998'],Jan Lundvik
81295462,Q123400079,['Q6581097'],[],"['Q82955', 'Q288728']",Holger Grießhammer
81295511,Q115527950,['Q6581097'],[],[],Gilson Daniel
81295587,Q3189272,['Q6581072'],['Q142'],"['Q82955', 'Q519076']",Julie Sommaruga
81295715,Q556981,['Q6581097'],['Q29999'],"['Q185351', 'Q1622272']",Ferdinand Feldbrugge
81295721,Q11916413,['Q6581097'],['Q29'],"['Q82955', 'Q901']",César Sánchez Pérez
81295792,Q136463012,['Q6581097'],[],['Q2516866'],Curtis McGraw
81295857,Q78117314,['Q6581072'],[],"['Q33999', 'Q10800557']",Sun Qian
81295883,Q84319889,['Q6581097'],['Q142'],['Q937857'],Ryan Ponti
81295896,Q136460489,['Q6581072'],[],[],Shaye Scott
81295941,Q136460487,['Q6581097'],[],['Q937857'],Kyle Clinton
81296002,Q98923323,['Q6581097'],['Q145'],['Q937857'],Jaron Vinet
81296014,Q84299846,['Q6581072'],['Q30'],"['Q2306091', 'Q15255771', 'Q1622272']",Susan Greenhalgh
81296099,Q136460530,[],[],[],Niall Geany
81296180,Q136460524,['Q6581097'],[],"['Q639669', 'Q2252262', 'Q1259917']",Cain Culto
81296258,Q99158,['Q6581097'],['Q183'],['Q250867'],Manfred Deselaers
81296325,Q136460517,['Q6581072'],[],[],Mille
81296355,Q110560446,['Q6581097'],['Q38'],['Q177220'],Dennis
81296513,Q136463064,['Q6581072'],['Q30'],"['Q970153', 'Q2259451', 'Q10798782']",Barbara Myers
81296590,Q136460899,['Q6581097'],[],['Q40348'],James F. Matousek
81296615,Q113016978,['Q6581097'],[],['Q937857'],Agustín Arce
81296739,Q123575998,['Q6581097'],[],['Q193391'],Mohamad Asruchin
81296861,Q136460998,['Q6581097'],[],['Q19204627'],Braxton Burmeister
81297051,Q228203,['Q6581097'],"['Q8575586', 'Q12536']","['Q189459', 'Q1999841', 'Q1172458']",Imam Zufar
81297254,Q136461087,['Q6581097'],[],[],Harry Nickerson
81297312,Q112381348,['Q6581072'],[],['Q2865819'],Teresa Cahill
81297531,Q136463022,[],[],[],Ankur Dhillon
81297576,Q136461174,['Q6581097'],['Q219060'],['Q957729'],Ibrahim Hajjaj
81297688,Q136461194,['Q6581097'],['Q45'],['Q114414171'],Mamudo Balde
81297771,Q3617210,['Q6581097'],"['Q38', 'Q172579']",['Q82955'],Angelo Salizzoni
81297824,Q136461356,['Q6581072'],[],['Q15117302'],Helin Kayıkçı
81297833,Q47466599,[],[],[],Palestinian Journalists' Syndicate
81298207,Q136462744,['Q6581097'],[],[],George Jafu
81298224,Q50202404,['Q6581072'],[],['Q1650915'],Bukola Salami
81298246,Q136462739,['Q6581097'],[],['Q2865819'],Alexandre Duhamel
81298276,Q136462738,['Q6581097'],[],['Q937857'],Bertrand Fourrier
81298386,Q136462734,['Q6581097'],[],[],Eric Marrs
81298484,Q136399691,['Q6581097'],['Q851'],['Q937857'],Mohammed Abu Al-Shamat
81298574,Q60914921,['Q6581097'],['Q851'],['Q937857'],
81298576,Q1364415,['Q6581097'],['Q142'],"['Q13570226', 'Q1622272', 'Q18916625']",Jules Girard
81298610,Q136462888,['Q6581097'],[],"['Q947873', 'Q1930187']",Hashmi Taj Ibrahim
81298620,Q97751167,['Q6581072'],['Q225'],['Q937857'],Alma Krajnic
81298630,Q136462884,['Q6581097'],[],['Q937857'],Kristaps Grabovskis
81298664,Q136462881,[],[],['Q212238'],Headman Moyo
81298687,Q125492098,['Q6581097'],[],['Q937857'],
81298708,Q56434009,['Q6581072'],[],['Q4610556'],Jaime Vandenberg
81298710,Q136086397,['Q6581097'],['Q27'],"['Q201788', 'Q33999', 'Q15077007']",Anthony Delaney
81298742,Q106916506,['Q6581072'],['Q145'],"['Q1792450', 'Q1650915', 'Q15462162', 'Q36180', 'Q947873', 'Q15077007']",Madeleine Pelling
81298747,Q123703799,['Q6581072'],['Q145'],['Q14373094'],
81298760,Q136463023,['Q6581072'],[],[],Luisa Sanz Martínez
81298805,Q104589966,['Q6581072'],['Q221457'],"['Q12347522', 'Q2374149', 'Q32518759']",Maria Hemplówna
81298896,Q105821451,['Q6581072'],[],"['Q188094', 'Q1622272', 'Q82955']",Lucie Sedmihradská
81298934,Q136463296,['Q6581072'],[],"['Q3501317', 'Q43845', 'Q18814623']",Bina Ramani
81299244,Q136468787,[],[],['Q974144'],Gustavus Ernest Lineberry
81299265,Q130382502,['Q6581097'],[],['Q82955'],Rick Ulbricht
81299458,Q58423055,['Q6581097'],[],['Q1650915'],
81299481,Q136463486,['Q6581072'],[],"['Q10798782', 'Q33999']",Niranjana G
81299543,Q136463442,['Q6581097'],[],['Q5322166'],Bill Greening
81299602,Q136463917,['Q6581097'],[],"['Q41583', 'Q2490358']",Rickey Hill
81299626,Q136463573,['Q6581072'],['Q1033'],['Q7042855'],
81299692,Q136463903,['Q6581097'],[],[],Hersi Said
81299737,Q136463467,['Q6581097'],[],['Q11774891'],Emmitt Finnie
81299792,Q136463892,[],[],['Q212238'],Albert Mavunga
81299866,Q136463886,[],[],['Q212238'],Caleb Makwiranzou
81299902,Q4184453,['Q6581072'],['Q15180'],['Q901'],Galina Zaytseva
81300013,Q21340074,['Q6581072'],['Q30'],"['Q15924544', 'Q2374149', 'Q2487799', 'Q3745071', 'Q674426', 'Q11900058']",Martha Allen Sherwood
81300029,Q136464361,['Q6581097'],['Q1033'],"['Q40348', 'Q1569495']",Joash Amupitan
81300155,Q108829883,['Q6581097'],"['Q9903', 'Q8733']",['Q854997'],
81300160,Q136465746,['Q6581097'],[],['Q943995'],A. G. Allen
81300267,Q1276975,['Q6581072'],['Q183'],"['Q33999', 'Q2259451']",Wanda Perdelwitz
81300272,Q136464352,['Q6581097'],[],['Q12299841'],Albert Esterhuysen
81300465,Q65976458,['Q6581097'],"['Q33946', 'Q213']","['Q2066131', 'Q11774891']",Lubomír Hrstka
81300535,Q136464453,['Q6581072'],[],"['Q16533', 'Q40348']",Valerie H. Armstrong
81300805,Q76258396,['Q6581072'],[],['Q182436'],Rita Pankhurst
81300899,Q28922281,['Q6581097'],['Q30'],"['Q753110', 'Q822146']",Billy Moll
81300937,Q131831633,['Q6581097'],[],[],
81301263,Q41246767,['Q6581072'],"['Q15180', 'Q159']","['Q864503', 'Q16831394', 'Q350979', 'Q901']",Galina A. Klevezal
81301439,Q136464746,['Q6581097'],[],['Q937857'],Stefan Kapor
81301489,Q123172748,['Q6581097'],[],['Q82955'],Manuel Knoll
81301584,Q130563945,['Q6581097'],['Q183'],['Q82955'],Kurt Fischer
81301659,Q108266522,['Q6581097'],['Q664'],['Q2309784'],Josh Kench
81301905,Q4065845,['Q6581097'],[],[],Andrey Konstantinovich
81301951,Q136465184,['Q6581097'],[],"['Q28389', 'Q3455803']",Taiwo Egunjobi
81301981,Q47486113,['Q6581072'],['Q30'],['Q488111'],Olivia Lua
81302075,Q17105003,['Q6581072'],['Q20'],['Q121594'],Liv Mjelde
81302104,Q136465182,['Q6581097'],[],[],Richard Luhanga
81302188,Q136465180,['Q6581097'],[],[],Mohammed Asif Ali
81302241,Q55722052,['Q6581072'],[],['Q1930187'],Gisèle Gallichan
81302366,Q136465544,['Q6581097'],[],"['Q484876', 'Q43845']",Vishok Persaud
81302494,Q136465377,['Q6581097'],[],['Q19204627'],Patrick Towles
81302566,Q104922920,['Q6581072'],['Q20'],['Q2374149'],Christine Maria von Cappelen
81302852,Q136465542,['Q6581097'],[],['Q639669'],Nick Garvey
81302961,Q26838013,['Q6581072'],['Q183'],['Q82955'],Elisabeth Aßmann
81302985,Q135084223,['Q6581072'],['Q30'],['Q11774891'],Olivia Mobley
81302996,Q136465539,['Q6581072'],[],['Q937857'],Karen Cano
81303018,Q135084228,['Q6581072'],['Q30'],['Q11774891'],Skylar Irving
81303066,Q136465537,['Q6581097'],[],[],Siulagi Tuimalatu-Brown
81303069,Q135084227,['Q6581072'],['Q30'],['Q11774891'],Clara Van Wieren
81303129,Q135084221,['Q6581072'],['Q30'],['Q11774891'],Lily Delianedis
81303176,Q115551473,['Q6581072'],['Q30'],['Q1028181'],Muriel Hannah
81303194,Q135084216,['Q6581072'],['Q16'],['Q11774891'],Dayle Ross
81303247,Q95925,['Q6581072'],['Q183'],['Q82955'],Hildegard Müller
81303292,Q135084231,['Q6581072'],['Q30'],['Q11774891'],Riley Brengman
81303293,Q6403869,['Q6581072'],['Q30'],['Q26831398'],Kiara Nowlin
81303325,Q135084218,['Q6581072'],['Q30'],['Q11774891'],Ava Rinker
81303341,Q112899220,['Q6581072'],['Q142'],"['Q82955', 'Q201788']",Mathilde Desjonquères
81303344,Q123560537,['Q6581072'],"['Q15180', 'Q159']","['Q13418253', 'Q1622272']",Svetlana Drugoveyko-Dolzhanskaya
81303353,Q135084225,['Q6581072'],['Q30'],['Q11774891'],Jada Habisch
81303376,Q135084211,['Q6581072'],['Q16'],['Q11774891'],Brianna Brooks
81303377,Q136465679,['Q6581072'],[],"['Q177220', 'Q37226']",Annie Mottram Craig Batten
81303391,Q135084236,['Q6581072'],['Q30'],['Q11774891'],Anna Bargman
81303394,Q116969382,['Q6581072'],[],[],Alê Portela
81303418,Q135084217,['Q6581072'],['Q16'],['Q11774891'],Maya Labad
81303440,Q135084215,['Q6581072'],['Q16'],['Q11774891'],Vanessa Upson
81303493,Q21001375,['Q6581097'],['Q29'],['Q82955'],Iago Negueruela Vázquez
81303499,Q135084222,['Q6581072'],['Q30'],['Q11774891'],Lyndie Lobdell
81303533,Q135084234,['Q6581072'],['Q30'],['Q11774891'],Kaley Doyle
81303555,Q135084232,['Q6581072'],['Q30'],['Q11774891'],Amanda Thiele
81303567,Q135084237,['Q6581072'],['Q30'],['Q11774891'],Hanna Baskin
81303590,Q135084210,['Q6581072'],['Q16'],['Q11774891'],Tamara Giaquinto
81303619,Q136466102,['Q6581097'],[],[],Ben Ioelu
81303625,Q136466097,['Q6581097'],[],['Q33231'],Frederick William Bond
81303628,Q135084226,['Q6581072'],['Q30'],['Q11774891'],Brooke Becker
81303692,Q135084212,['Q6581072'],['Q16'],['Q11774891'],Olivia Wallin
81303696,Q16336519,['Q6581097'],['Q148'],['Q82955'],Liu Daoqi
81303706,Q120325407,['Q6581072'],[],"['Q1326886', 'Q81096']",Debra Lew
81303735,Q10545656,['Q6581072'],['Q33946'],"['Q82955', 'Q40348', 'Q16533', 'Q185351']",Ľudmila Gajdošíková
81303757,Q135084213,['Q6581072'],['Q16'],['Q11774891'],Chanreet Bassi
81303930,Q112023345,['Q6581097'],[],[],
81303935,Q136466219,['Q6581097'],[],[],Sixto Igisomar
81303995,Q130539577,['Q6581097'],['Q884'],['Q82955'],
81304063,Q43124262,['Q6581097'],['Q213'],"['Q2462658', 'Q82955']",Robert Králíček
81304086,Q78117279,['Q6581097'],['Q148'],['Q82955'],
81304132,Q2589589,['Q6581097'],"['Q183', 'Q16957']",['Q82955'],Wolfgang Fiedler
81304164,Q136466238,['Q6581097'],[],[],Filomeno Biagio Tatò
81304208,Q136466277,['Q6581097'],[],['Q19204627'],Nate Ollie
81304241,Q61873168,['Q6581097'],['Q38'],['Q82955'],Aldo Morelli
81304253,Q66425364,['Q6581097'],['Q34'],['Q5358395'],Varg²™
81304449,Q94535207,['Q6581097'],['Q30'],['Q189290'],Laurence Halstead
81304492,Q13023350,['Q6581097'],['Q869'],[],Lūangphǭ Phrom Thāwarō
81304643,Q13023348,['Q6581097'],['Q869'],[],
81304913,Q136466472,['Q6581097'],[],"['Q4991371', 'Q131512', 'Q43845']",John V. Tavenner
81304988,Q136466481,['Q6581097'],[],['Q82955'],Volodymyr Kohut
81305440,Q136466708,['Q6581097'],[],['Q40348'],Edmund P. Dandridge
81305509,Q97758178,['Q6581072'],['Q145'],['Q937857'],Andria Georgiou
81305518,Q136466786,['Q6581072'],[],[],Anja Jauernig
81305561,Q136466784,['Q6581097'],[],[],Bruce Goodison
81305717,Q129409671,['Q6581097'],['Q664'],['Q937857'],Owen Parker-Price
81305756,Q1239877,['Q6581097'],['Q30'],['Q17167049'],Donald Clifford Gallup
81305826,Q21127055,['Q6581097'],['Q29'],"['Q1238570', 'Q82955', 'Q1930187']",Lluc Salellas i Vilar
81306409,Q136467906,['Q6581097'],[],"['Q2516866', 'Q1607826']",Frederick S. Clarke
81306412,Q136467903,['Q6581097'],[],['Q14373094'],Arron Lindop
81306422,Q119997060,['Q6581072'],['Q33'],['Q13141064'],Nella Nyqvist
81306448,Q104377407,['Q6581097'],['Q865'],['Q2526255'],Chang Mei-chun
81306552,Q26858531,['Q6581097'],['Q1032'],"['Q82955', 'Q83307']",Daouda Diallo
81306647,Q136468679,['Q6581072'],[],[],Jenna Foubister
81306685,Q136468676,['Q6581097'],[],[],M. Jayakumar
81306689,Q303905,['Q6581097'],['Q29999'],"['Q937857', 'Q628099']",Ab Gritter
81306724,Q136468673,['Q6581097'],[],['Q937857'],Marten-Chris Paalberg
81306754,Q136468671,['Q6581097'],[],['Q33999'],Raju Nong
81306770,Q136468667,['Q6581072'],[],['Q937857'],Alana Cerne
81306859,Q13081364,['Q6581097'],"['Q83286', 'Q191077', 'Q28513']",['Q333634'],Besim Korkut
81306920,Q21208895,['Q6581097'],"['Q38', 'Q172579']","['Q16267607', 'Q26132815', 'Q1622272']",Agostino Pertusi
81306932,Q136468553,['Q6581097'],[],['Q210778'],Shahram Danekar
81306945,Q136442343,['Q6581097'],"['Q130229', 'Q230']","['Q599151', 'Q82955', 'Q1979607']",Levan Machavariani
81306951,Q136468786,['Q6581097'],[],['Q43845'],Zhao Jiaotong
81306976,Q5928882,['Q6581072'],['Q800'],"['Q593644', 'Q2919046']",Jeannette Benavides
81307040,Q136468759,['Q6581097'],[],['Q10871364'],Su Lan-hong
81307194,Q89144264,['Q6581072'],['Q70972'],[],Marie of France
81307240,Q66938670,['Q6581072'],['Q1246'],['Q937857'],Marigone Tahiri
81307283,Q136469331,['Q6581097'],[],[],Ahmed Ali Jinnah
81307286,Q60632636,['Q6581072'],['Q142'],"['Q3406834', 'Q1780490']",Noémi Reclus
81307327,Q124477258,['Q6581072'],[],['Q484876'],Natascha Viljoen
81307437,Q135997334,['Q6581097'],['Q145'],"['Q484876', 'Q623268', 'Q131524', 'Q557880', 'Q16023665', 'Q623279']",Oleg Mukhanov
81307490,Q136468749,['Q6581097'],[],['Q2180295'],John Conway Bourke
81307515,Q95849517,['Q6581097'],[],"['Q33999', 'Q17307272']",Charly Baumann
81307541,Q108064114,['Q6581072'],['Q224'],"['Q593644', 'Q12840545', 'Q57749966']",Petra Dičak
81307596,Q136469323,['Q6581072'],[],"['Q33999', 'Q4610556']",Jean Marie McKee
81307661,Q129712653,['Q6581097'],[],['Q937857'],Berk Beyhan
81307666,Q136469316,['Q6581072'],[],[],Isabel Rowe
81307698,Q136410738,['Q6581097'],['Q145'],"['Q3387717', 'Q28054786']",Ian Judge
81307750,Q2127036,['Q6581097'],['Q298'],"['Q250867', 'Q611644']",Rafael de la Barra Tagle
81307788,Q136469306,['Q6581097'],[],[],Toni Mataele
81307996,Q63827489,['Q6581097'],"['Q33946', 'Q213']","['Q130857', 'Q639669', 'Q36834']",Dj Tráva
81308012,Q113227916,['Q6581097'],['Q668'],['Q82955'],Ghulam Qadir Mir
81308243,Q136470258,['Q6581097'],[],"['Q937857', 'Q2736']",Patrick Dulcea
81308260,Q136466749,['Q6581097'],[],['Q937857'],Keeto Thermoncy
81308287,Q27982739,['Q6581097'],[],['Q1028181'],Paul Grunwaldt
81308371,Q41074316,['Q6581097'],['Q1032'],"['Q82955', 'Q193391', 'Q83307']",Habibou Allélé
81308443,Q108414693,['Q6581097'],['Q419'],['Q82955'],Alejandro Muñante
81308564,Q1102683,['Q6581097'],['Q142'],"['Q1607826', 'Q2516866']",Jérôme Lindon
81308580,Q125985717,['Q6581097'],['Q213'],"['Q82955', 'Q9379869']",Matěj Gregor
81308582,Q5484495,['Q6581072'],['Q212'],['Q17486376'],Kateryna Samohina
81308629,Q135335432,['Q6581097'],['Q38'],"['Q12369034', 'Q5358395', 'Q10732476']",Giorgio Fazio
81308667,Q114700192,['Q6581072'],[],['Q14089670'],Kyoko Hosokawa
81308672,Q136470699,['Q6581097'],[],"['Q2306091', 'Q1238570']",John F. Padgett
81308852,Q30067856,['Q6581072'],['Q213'],"['Q37226', 'Q82955', 'Q2982634']",Taťána Malá
81309149,Q11231118,['Q6581097'],['Q213'],"['Q82955', 'Q39631', 'Q2462658']",Boris Šťastný
81309244,Q42382985,['Q6581097'],['Q77'],['Q1028181'],Alfredo Esteban Bustamante Guerrero
81309317,Q16027830,['Q6581097'],['Q142'],"['Q185351', 'Q250867', 'Q611644']",Evrart de Trémaugon
81309324,Q3783159,['Q6581097'],['Q39'],['Q937857'],Hans Kämpfer
81309436,Q18912684,['Q6581072'],[],"['Q49757', 'Q36180']",Minna Irving
81309477,Q99517348,['Q6581072'],['Q17'],[],
81309514,Q136470961,['Q6581097'],[],['Q937857'],Marlon Mena
81309642,Q136470955,['Q6581097'],[],[],Chakradhar Meikap
81309775,Q114700155,['Q6581072'],[],['Q14089670'],Sakurako Korai
81309955,Q104884403,['Q6581097'],['Q213'],['Q82955'],Vojtěch Krňanský
81310007,Q54454085,['Q6581097'],['Q30'],['Q644687'],Charles H. Twelvetrees
81310110,Q135258794,['Q6581072'],[],"['Q131524', 'Q13590141', 'Q82955']",Gabriela Sedláčková
81310126,Q136471254,['Q6581097'],[],[],VPS Kaushik
81310148,Q115181578,['Q6581097'],['Q213'],['Q484876'],Miroslav Krejčí
81310161,Q89036043,['Q6581072'],['Q29'],['Q39631'],María José Sierra Moros
81310165,Q111831199,['Q6581072'],['Q17'],['Q14089670'],Misaki Matsumura
81310276,Q136471469,['Q6581097'],[],['Q937857'],Oualid Malki
81310293,Q136437335,['Q6581072'],['Q213'],['Q82955'],Zdena Kašparová
81310324,Q2837939,['Q6581097'],['Q298'],['Q82955'],Juan Atala González
81310382,Q136448892,['Q6581097'],['Q222'],"['Q39631', 'Q3400985', 'Q82955', 'Q12765408', 'Q4531850']",Ilir Alimehmeti
81310439,Q50917607,['Q6581097'],['Q298'],"['Q82955', 'Q64825398']",Bernardo Araya Zuleta
81310593,Q5663750,['Q6581097'],['Q298'],"['Q82955', 'Q15627169']",Albino Barra Villalobos
