pageid,title,timestamp
81227821,Aïcha Cámara,2025-10-01T00:08:05Z
81227823,Vandrevius Jacobs,2025-10-01T00:08:17Z
81227893,Natalie Chudowsky,2025-10-01T00:19:49Z
81227898,William H. Bright,2025-10-01T00:20:37Z
81227908,Po-Ling Loh,2025-10-01T00:21:24Z
81227988,Nana Yuliana,2025-10-01T00:34:55Z
81227992,Zofia Kalucka,2025-10-01T00:35:22Z
81228154,Mohammed Ayade,2025-10-01T01:07:48Z
81228171,Emmanuel Umar,2025-10-01T01:12:52Z
81228312,Matteo Rossi (politician),2025-10-01T01:37:24Z
81228389,Giovanni Pecci,2025-10-01T01:51:22Z
81228570,Katrina Foster,2025-10-01T02:27:24Z
81228605,"Eduardo Peralta, Jr.",2025-10-01T02:32:16Z
81228630,Donald E. Francke,2025-10-01T02:38:09Z
81228665,Kishwar Sultan,2025-10-01T02:45:25Z
81228732,Priyo Iswanto,2025-10-01T03:01:45Z
81228880,Anton Esterházy (1936–2025),2025-10-01T03:33:06Z
81229013,Emily Goodridge Grey,2025-10-01T04:01:21Z
81229066,Abdul Salam Nadwi,2025-10-01T04:15:57Z
81229188,Geraldine Fiel-Macaraig,2025-10-01T04:43:19Z
81229251,Perpetua Atal-Paño,2025-10-01T04:59:26Z
81229252,"Edward ""Ted"" Bullmore",2025-10-01T04:59:34Z
81229257,Beličič,2025-10-01T05:01:48Z
81229261,Moinuddin Ahmad Nadwi,2025-10-01T05:01:59Z
81229267,Louie Conn,2025-10-01T05:03:22Z
81229282,Tomás Soto,2025-10-01T05:05:56Z
81229316,Ruben Reynaldo Roxas,2025-10-01T05:13:58Z
81229454,Ashalata Biswas,2025-10-01T05:54:42Z
81229473,S. Pugazhenthi,2025-10-01T06:01:09Z
81229540,Blaize Shiek,2025-10-01T06:26:02Z
81229758,Oksana Dobrovolskaja,2025-10-01T07:01:38Z
81229759,Ronaldo Roberto Martin,2025-10-01T07:01:52Z
81229771,Masood Alam Nadwi,2025-10-01T07:05:47Z
81229773,Claire Gallagher,2025-10-01T07:06:03Z
81229868,Agnieszka Glińska (film editor),2025-10-01T07:31:45Z
81229892,Bayani Jacinto,2025-10-01T07:36:54Z
81230007,Luis Argemí y de Martí,2025-10-01T08:13:15Z
81230015,Rajih Labouza,2025-10-01T08:14:38Z
81230101,Trang Thanh Tran,2025-10-01T08:35:12Z
81230111,Ben Jelf,2025-10-01T08:38:48Z
81230174,Carpetman (singer),2025-10-01T08:49:26Z
81230224,Orlando Rojas,2025-10-01T08:59:54Z
81230272,Louis Acosta,2025-10-01T09:12:04Z
81230329,Tita Marilyn Payoyo-Villordon,2025-10-01T09:30:00Z
81230343,Upendo Peneza,2025-10-01T09:33:45Z
81230393,Vegard Dragsund Sverd,2025-10-01T09:49:29Z
81230419,Mette Morsing,2025-10-01T09:56:08Z
81230438,Akira Takayama (economist),2025-10-01T10:03:23Z
81230649,Sarah Pearce (Astronomer),2025-10-01T10:50:47Z
81230754,Héctor Indriago,2025-10-01T11:06:30Z
81230954,Stefan Arand,2025-10-01T11:51:21Z
81230981,Bhagyashri Borse,2025-10-01T11:58:31Z
81231091,Selin Arpaz,2025-10-01T12:21:09Z
81231159,Lennart Geibert,2025-10-01T12:32:14Z
81231257,Antonia Hillberg,2025-10-01T12:45:22Z
81231268,Simranpreet Kaur Brar,2025-10-01T12:47:25Z
81231329,Kristine Mei,2025-10-01T12:57:22Z
81231353,Tom Brüntrup,2025-10-01T12:59:39Z
81231381,Hortensia Torres,2025-10-01T13:03:31Z
81231447,The Long Recessional,2025-10-01T13:14:41Z
81231489,Danyil odynets,2025-10-01T13:23:13Z
81231572,Ignacio Lopez (comedian),2025-10-01T13:34:57Z
81231669,José Antonio Álvarez Sánchez,2025-10-01T13:51:03Z
81231698,Rehtee Begum,2025-10-01T13:55:47Z
81231850,Jason Reding Quiñones,2025-10-01T14:18:50Z
81231902,Behar Neziri,2025-10-01T14:26:01Z
81231926,Christoph Willeke,2025-10-01T14:29:31Z
81232013,Aníbal Cibeyra,2025-10-01T14:40:27Z
81232095,Yavuz Bülent Bâkiler,2025-10-01T14:51:49Z
81232138,Jonas Thaliath,2025-10-01T14:58:07Z
81232185,Alessandro Vogt,2025-10-01T15:07:39Z
81232199,Yumi Uchimura,2025-10-01T15:09:33Z
81232202,Elisha ben Solomon Ḥabillo,2025-10-01T15:10:35Z
81232204,Taylor McKnight,2025-10-01T15:10:49Z
81232214,Nasir Ali (footballer),2025-10-01T15:12:03Z
81232231,Nikolaus von Hochholzer,2025-10-01T15:16:15Z
81232249,Annie Carey,2025-10-01T15:19:56Z
81232267,Hassane Barazé Moussa,2025-10-01T15:23:36Z
81232286,Ndamulelo Maphangule,2025-10-01T15:25:29Z
81232323,Nina Engel,2025-10-01T15:30:33Z
81232362,Aloïse Sauvage,2025-10-01T15:35:29Z
81232381,Emily Apel,2025-10-01T15:37:42Z
81232450,Steven Sonntag,2025-10-01T15:51:25Z
81232470,Yusuke Muto,2025-10-01T15:53:12Z
81232526,Tom Gaal,2025-10-01T16:01:45Z
81232527,Graciela Salgado,2025-10-01T16:02:29Z
81232551,Ben Haylett,2025-10-01T16:07:32Z
81232562,Sadie Bay Adair,2025-10-01T16:08:19Z
81232605,Séamus Barra Ó Súilleabháin,2025-10-01T16:15:12Z
81232606,Parker West,2025-10-01T16:15:25Z
81232637,Sam Silverman (promoter),2025-10-01T16:21:19Z
81232699,Keith Gorman (Gaelic footballer),2025-10-01T16:27:35Z
81232706,Rachel Smith (rugby union),2025-10-01T16:28:26Z
81232713,Trevian Thomas,2025-10-01T16:29:41Z
81232718,Annie Steger Winston,2025-10-01T16:30:32Z
81232848,S. Asef Hossaini,2025-10-01T16:52:01Z
81232863,Jean-Pascal Hohm,2025-10-01T16:53:44Z
81232995,Anthony Letai,2025-10-01T17:14:24Z
81233010,Kohei Dojima,2025-10-01T17:16:38Z
81233024,Rhona Charbonneau,2025-10-01T17:18:33Z
81233080,Dustin Thao,2025-10-01T17:24:29Z
81233149,Frances Murphy,2025-10-01T17:35:23Z
81233172,Muhammad al-Hasani,2025-10-01T17:38:42Z
81233177,Goitse Konopi,2025-10-01T17:39:13Z
81233259,Piotr Kosek,2025-10-01T17:51:34Z
81233263,Lena-Sophie Laue,2025-10-01T17:52:33Z
81233288,Eric Skotnes,2025-10-01T17:56:35Z
81233453,Marianne Métivier,2025-10-01T18:17:56Z
81233573,Brad Skistimas,2025-10-01T18:34:31Z
81233576,Ronnie Park,2025-10-01T18:35:08Z
81233717,The wild cooperative,2025-10-01T18:51:58Z
81233741,Al Kingsley,2025-10-01T18:53:17Z
81233920,Denis Rolando Moncada Colindres,2025-10-01T19:20:56Z
81234011,Remigius of Strasbourg,2025-10-01T19:36:43Z
81234037,Victoria Levitt,2025-10-01T19:39:00Z
81234050,Frank W. Gould,2025-10-01T19:41:06Z
81234088,Clara Elizabeth Fanning,2025-10-01T19:46:51Z
81234131,José Núñez Iglesias,2025-10-01T19:55:14Z
81234171,Augusto Berns,2025-10-01T19:59:55Z
81234214,Wilhelm von Hohnstein,2025-10-01T20:05:24Z
81234277,Bebe Jackson,2025-10-01T20:09:59Z
81234327,Chiamamifaro,2025-10-01T20:18:51Z
81234446,Bohdan Bohach,2025-10-01T20:34:00Z
81234477,Céline of Laon,2025-10-01T20:37:14Z
81234557,Virginia Tangvald,2025-10-01T20:46:39Z
81234559,Douglas M. Kruhm,2025-10-01T20:47:04Z
81234595,Xavian Stapleton,2025-10-01T20:51:43Z
81234676,"Mukesh Kumar Meshram, IAS",2025-10-01T21:02:25Z
81234707,Prince of Soissons,2025-10-01T21:05:07Z
81234736,Leonard Anthony Bracken Jr.,2025-10-01T21:09:00Z
81234759,Bohumila Bednářová,2025-10-01T21:11:52Z
81234785,Felix Wilfred,2025-10-01T21:15:54Z
81234853,Ellie Banke,2025-10-01T21:26:03Z
81234854,Loup of Soissons,2025-10-01T21:26:06Z
81234856,Gertrude Stanton,2025-10-01T21:26:13Z
81234911,Leonid Ivanovic,2025-10-01T21:33:54Z
81234982,Brook Emery,2025-10-01T21:46:52Z
81235144,Patrick Pender,2025-10-01T22:12:51Z
81235282,Nicolau Júnior,2025-10-01T22:32:04Z
81235332,Fanélie Carrey-Conte,2025-10-01T22:42:47Z
81235409,Ainhoa Molina,2025-10-01T22:55:28Z
81235494,Amin Niffouri,2025-10-01T23:11:40Z
81235552,Axel Arce,2025-10-01T23:21:32Z
81235735,Yu Shen,2025-10-02T00:00:43Z
81235757,Matt Bradley (journalist),2025-10-02T00:05:55Z
81236014,Yahya Barzaq,2025-10-02T00:29:35Z
81236068,Seiga Sumi,2025-10-02T00:33:42Z
81236303,Alexandros Diamantis Skourtis,2025-10-02T01:01:17Z
81236343,Jasur Khodjaev,2025-10-02T01:08:32Z
81236516,Mohamed Nadjib Amchi,2025-10-02T01:36:37Z
81236585,Santiago Menghini,2025-10-02T01:42:53Z
81236602,Volodymyr Leontiev,2025-10-02T01:44:54Z
81236666,Antonia Nocca,2025-10-02T01:50:34Z
81236710,Abdelhadi Boudra,2025-10-02T01:54:16Z
81236842,José Ramírez (para-athlete),2025-10-02T02:17:49Z
81236857,Zainal Rashid Ahmad,2025-10-02T02:21:56Z
81236934,Meshal Mahutan,2025-10-02T02:34:54Z
81236945,Noriko Tsuiki,2025-10-02T02:37:02Z
81236956,Peak Peemapol,2025-10-02T02:39:23Z
81237033,Mehmet Emin Eğilmez,2025-10-02T02:54:18Z
81237048,Pablito Perez,2025-10-02T03:00:08Z
81237060,Zahir Mathis,2025-10-02T03:02:40Z
81237220,Melvin Sutton,2025-10-02T03:24:34Z
81237287,Yorghaki,2025-10-02T03:37:27Z
81237292,Adam Huber of Riesenpach,2025-10-02T03:37:46Z
81237468,Luo Xingchuan,2025-10-02T04:23:53Z
81237476,Tursynbek Qabatov,2025-10-02T04:25:39Z
81237503,Ángel Azuaje,2025-10-02T04:34:45Z
81237572,Paul Roberts (choreographer),2025-10-02T04:59:17Z
81237720,Muhammad Nazmi Nasri,2025-10-02T05:43:26Z
81237893,Bartosz Sienkiewicz,2025-10-02T06:29:26Z
81238087,Yamato Shimbo,2025-10-02T06:45:08Z
81238417,Jule Ross,2025-10-02T07:02:00Z
81238418,T. Albert Moore,2025-10-02T07:02:18Z
81238520,Luis Carlos López Valenzuela,2025-10-02T07:19:19Z
81238543,Faizul Hasan Saharanpuri,2025-10-02T07:24:25Z
81238565,Fu Hiu-mei,2025-10-02T07:31:34Z
81238750,Yeferson Suárez,2025-10-02T08:25:16Z
81238784,Curtis Ludwig,2025-10-02T08:33:39Z
81238833,Neil d'Souza,2025-10-02T08:45:34Z
81238853,Anton Feoktistov,2025-10-02T08:49:24Z
81239099,2025 Manchester attack,2025-10-02T09:53:18Z
81239114,Kyōka Moriya,2025-10-02T09:58:34Z
81239271,Jonas Reiter,2025-10-02T10:39:31Z
81239317,Lucy González,2025-10-02T10:50:52Z
81239441,Carmen Porter,2025-10-02T11:10:27Z
81239465,Azeez Zainulabdeen,2025-10-02T11:14:58Z
81239515,Saravanamaruthu Soundarapandi (cinematographer),2025-10-02T11:24:08Z
81240037,Nadir Al-Nuri,2025-10-02T12:27:02Z
81240051,Karomat Omonova,2025-10-02T12:28:05Z
81240058,Tadeáš Hájovský,2025-10-02T12:28:44Z
81240079,Emily Aliño-Geluz,2025-10-02T12:36:23Z
81240110,Esteban Torres (Ecuadorian politician),2025-10-02T12:43:16Z
81240449,Florencio Mamauag Jr.,2025-10-02T13:38:37Z
81240535,Loida Posadas-Kahulugan,2025-10-02T13:53:35Z
81240605,Adi Cohen-Hazanov,2025-10-02T14:02:21Z
81240673,Claude Bourdin,2025-10-02T14:13:31Z
81240783,Holger Gzella,2025-10-02T14:29:52Z
81240811,Bertie Scott,2025-10-02T14:33:03Z
81240831,Tom Hinzmann,2025-10-02T14:36:24Z
81240895,Julia Durzyńska,2025-10-02T14:51:08Z
81240899,Gradus Kraus,2025-10-02T14:51:51Z
81240955,Manuel Hormazábal González,2025-10-02T15:00:16Z
81241011,Eric De Rop,2025-10-02T15:07:25Z
81241028,Chao Buzhi,2025-10-02T15:09:34Z
81241154,Heather Hogsett,2025-10-02T15:28:32Z
81241178,Nataly Morillo,2025-10-02T15:30:22Z
81241258,Mr & Mrs Gao,2025-10-02T15:45:04Z
81241296,Afonso Assis,2025-10-02T15:51:05Z
81241364,Alexander Mohrenberg,2025-10-02T15:58:37Z
81241390,José Andrada,2025-10-02T16:02:25Z
81241539,Julia Barth-Dworzynski,2025-10-02T16:17:51Z
81241598,Atul Kaushik,2025-10-02T16:24:53Z
81241599,Nyamtaishiryn Nomtoibayar,2025-10-02T16:24:59Z
81241611,Patryk Pufelski,2025-10-02T16:27:21Z
81241694,Mary Belle Spencer,2025-10-02T16:39:58Z
81241715,Wiesław Wójcik (actor),2025-10-02T16:42:28Z
81241719,Horage,2025-10-02T16:42:58Z
81241853,Gros Jean,2025-10-02T17:00:44Z
81241869,Khalil Wilkins,2025-10-02T17:04:07Z
81241873,Ali Maamar,2025-10-02T17:05:15Z
81241918,S. Saraswathi Amma,2025-10-02T17:12:18Z
81241948,Lisa DiMartino,2025-10-02T17:16:48Z
81242010,Mejiro Ardan,2025-10-02T17:25:43Z
81242045,Hans Kupelwieser,2025-10-02T17:31:49Z
81242082,Fumitaka Sato,2025-10-02T17:37:25Z
81242152,Tomasz Sarara,2025-10-02T17:45:46Z
81242177,Gene Collins (politician),2025-10-02T17:50:40Z
81242269,Angelo Epaminonda,2025-10-02T18:04:20Z
81242275,Wendell Williams (politician),2025-10-02T18:05:53Z
81242304,Lucas Ferreira (Portuguese footballer),2025-10-02T18:09:12Z
81242307,Kelly Cobiella,2025-10-02T18:09:30Z
81242379,Damian Lohr,2025-10-02T18:15:46Z
81242432,Helen Foley (politician),2025-10-02T18:18:00Z
81242510,Sven Tritschler,2025-10-02T18:23:10Z
81242585,Berta Sofía Gerschman,2025-10-02T18:31:57Z
81242610,Rachel Iliya,2025-10-02T18:34:02Z
81242664,Matt Bremer,2025-10-02T18:41:25Z
81242695,Martin Reinhart,2025-10-02T18:46:02Z
81242727,Johannes Neuhäusler,2025-10-02T18:52:08Z
81242918,Azizur Rahman Bijnori,2025-10-02T19:15:11Z
81242955,Steve Cushing,2025-10-02T19:19:20Z
81242994,Kashifu Abdullahi,2025-10-02T19:26:09Z
81243370,José Ángel Herrera,2025-10-02T20:07:25Z
81243418,Lindel Fields,2025-10-02T20:11:24Z
81243492,Carlo Clemens,2025-10-02T20:19:10Z
81243520,Stephen M. Kellen,2025-10-02T20:21:33Z
81243599,Hugo Pavek,2025-10-02T20:32:51Z
81243679,Rebeca Zavaleta,2025-10-02T20:42:51Z
81243694,Lukas Reinken,2025-10-02T20:44:48Z
81243722,Andrea Castagneri,2025-10-02T20:47:53Z
81243747,Brian Baatzsch,2025-10-02T20:51:32Z
81243779,Mahmoud Rajab,2025-10-02T20:56:44Z
81243828,Tim Wook,2025-10-02T21:03:43Z
81243870,Vadim Shulman,2025-10-02T21:09:52Z
81243899,Kira Braun,2025-10-02T21:14:07Z
81243907,John F. Callinan,2025-10-02T21:15:25Z
81243909,Tawhida Abdel-Rahman,2025-10-02T21:15:39Z
81243937,Jim Jesernig,2025-10-02T21:21:23Z
81243995,Fabian Jank,2025-10-02T21:28:29Z
81244059,Jonas Pohlmann,2025-10-02T21:37:07Z
81244106,Ichijo Mikako,2025-10-02T21:45:22Z
81244207,Michael Munoz (crew chief),2025-10-02T21:57:15Z
81244234,Yahia Guidoum,2025-10-02T21:59:54Z
81244246,Jean-Michel Muller,2025-10-02T22:02:20Z
81244264,Sara E. Wilson,2025-10-02T22:05:42Z
81244266,Björn Fecker,2025-10-02T22:06:04Z
81244307,Kieran Andrieu,2025-10-02T22:12:48Z
81244341,Laventa,2025-10-02T22:19:51Z
81244349,Severo Eulálio,2025-10-02T22:21:46Z
81244410,Signe Torborg Schmidt-Nielsen,2025-10-02T22:29:48Z
81244450,André Viola,2025-10-02T22:37:16Z
81244476,Théodora (singer),2025-10-02T22:39:15Z
81244671,Javier Aureliano García,2025-10-02T22:56:45Z
81244677,Ulises Correa,2025-10-02T22:59:11Z
81244703,Eduardo Alessandri,2025-10-02T23:06:15Z
81244720,Eduard Johnson,2025-10-02T23:10:07Z
81244756,Galvarino Palacios,2025-10-02T23:20:15Z
81244824,Isauro Torres,2025-10-02T23:36:46Z
81244827,Henri Kiefer,2025-10-02T23:37:08Z
81244862,Rónán Dunne,2025-10-02T23:43:54Z
81244865,Alejandro Chelén,2025-10-02T23:44:44Z
81244866,Diego Ochoa (footballer),2025-10-02T23:44:54Z
81244920,Robert I. Rees,2025-10-02T23:49:13Z
81244928,Humberto Álvarez Suárez,2025-10-02T23:50:58Z
81244949,Lutz van Dijk,2025-10-02T23:52:53Z
81245011,Yumika Yano,2025-10-03T00:03:50Z
81245012,Rouhollah Zamzameh,2025-10-03T00:04:18Z
81245138,Dmitry Sidorov,2025-10-03T00:23:58Z
81245199,Aleksandar Radišić,2025-10-03T00:35:09Z
81245231,Florence Simms,2025-10-03T00:41:15Z
81245505,Uladzislau Hryb,2025-10-03T01:30:36Z
81245588,Tomás Aránguiz,2025-10-03T01:41:40Z
81245671,Effingham B. Sutton,2025-10-03T01:55:03Z
81245701,Tesco Boy,2025-10-03T02:00:10Z
81245702,Jason Hogan,2025-10-03T02:00:25Z
81245798,Alan Kerr (doctor),2025-10-03T02:16:54Z
81245809,Nicolai Abracheff,2025-10-03T02:19:22Z
81245900,Charles Carshon,2025-10-03T02:33:20Z
81246162,Barry Levites,2025-10-03T03:28:21Z
81246205,Maria Rowena Modesto-San Pedro,2025-10-03T03:32:22Z
81246316,Kajbhunditt Jaidee,2025-10-03T03:56:56Z
81246634,Alexandra Nouchet,2025-10-03T04:49:43Z
81246738,Linda Godfrey,2025-10-03T05:16:55Z
81246741,Navruza Akhmatova,2025-10-03T05:17:51Z
81246894,Benjamin Lepak,2025-10-03T05:51:31Z
81246897,Laura Toenjes,2025-10-03T05:52:30Z
81246908,Lukáš Mikulaj,2025-10-03T05:55:23Z
81246958,Sergei Biriukov,2025-10-03T06:07:31Z
81246976,Nick Schmidt (footballer),2025-10-03T06:12:20Z
81247023,Kirill Glazyrin,2025-10-03T06:23:43Z
81247169,Diana Fairfax,2025-10-03T07:02:07Z
81247174,Hermann Meinken,2025-10-03T07:03:30Z
81247199,Farahiyah Ridzuan,2025-10-03T07:09:25Z
81247210,Juan José Martinena Ruiz,2025-10-03T07:12:06Z
81247299,James Waybern Hall,2025-10-03T07:27:22Z
81247415,Juliett Willetts,2025-10-03T07:55:40Z
81247679,Fyodor Tertitskiy,2025-10-03T08:55:54Z
81247802,Ashleigh Merchant,2025-10-03T09:23:56Z
81247830,Mohammad Hussain Azad,2025-10-03T09:28:40Z
81247856,Lucía Muñoz Dalda,2025-10-03T09:34:56Z
81247860,Raimundo Bassols,2025-10-03T09:35:51Z
81247896,Damian Rzepecki,2025-10-03T09:45:19Z
81247933,Eschiva of Montbéliard,2025-10-03T09:55:13Z
81247993,Vinayak Shukla,2025-10-03T10:08:59Z
81248018,Otto Walkhoff,2025-10-03T10:14:12Z
81248020,Angela O'Hagan,2025-10-03T10:14:13Z
81248059,Pjerin Fushaj,2025-10-03T10:22:57Z
81248073,Laurie Mills,2025-10-03T10:30:20Z
81248144,Suellio Almeida,2025-10-03T10:47:26Z
81248222,Adolfo Plasencia,2025-10-03T10:59:16Z
81248233,Abderahmane Arbaji,2025-10-03T11:01:47Z
81248237,Stefanie Blaschka,2025-10-03T11:02:52Z
81248425,JoAnn Hagen,2025-10-03T11:38:58Z
81248453,Oskar Lipp,2025-10-03T11:44:10Z
81248488,Seo Ji-yeon (actress),2025-10-03T11:49:51Z
81248506,Mamadou Diallo Sory,2025-10-03T11:54:28Z
81248533,Sulaiman Almas,2025-10-03T11:58:11Z
81248574,Kilaparthy Velankanni Satish,2025-10-03T12:04:45Z
81248586,Christos Antoniou,2025-10-03T12:07:27Z
81248604,Cassia Sharpley,2025-10-03T12:10:24Z
81248635,Gabriel Ferrán de Alfaro,2025-10-03T12:15:29Z
81248643,Ghasi Ram Majhi,2025-10-03T12:16:35Z
81248785,Vyron Vasileiadis,2025-10-03T12:46:08Z
81248801,Vivek Dahiya (admiral),2025-10-03T12:48:55Z
81248897,Samuel Bagín,2025-10-03T13:04:02Z
81249016,Krzysztof Walczak (politician),2025-10-03T13:28:52Z
81249017,Adrián Fiala,2025-10-03T13:28:54Z
81249049,Valdrack Jaentschke,2025-10-03T13:32:59Z
81249140,Averil Morris,2025-10-03T13:49:03Z
81249257,Jan Widlarz,2025-10-03T14:08:36Z
81249264,João Brandão,2025-10-03T14:09:55Z
81249278,Jesse Leland Grismer,2025-10-03T14:11:51Z
81249284,Sunday Ogidigbo,2025-10-03T14:11:58Z
81249285,Adam Beaudry,2025-10-03T14:12:09Z
81249472,Juan García Romero,2025-10-03T14:40:27Z
81249558,Santos Medel,2025-10-03T14:51:12Z
81249567,Cas Janse van Vuuren,2025-10-03T14:52:36Z
81249589,Jorge Cvitanich,2025-10-03T14:56:27Z
81249607,Lino Nägele,2025-10-03T14:59:53Z
81249718,Richard Muton,2025-10-03T15:17:41Z
81249735,Nicanor Allende,2025-10-03T15:20:59Z
81249759,Dakari Mafico,2025-10-03T15:25:11Z
81249826,Francesca Granzotto,2025-10-03T15:37:56Z
81249862,Abnildo do Nascimento d'Oliveira,2025-10-03T15:42:08Z
81249886,Fakhriddin Khamraev,2025-10-03T15:45:23Z
81249887,Marine Cabirou,2025-10-03T15:45:25Z
81249983,Alexander Tyagunov,2025-10-03T15:56:25Z
81250072,Nancy Kilgas,2025-10-03T16:09:40Z
81250105,Luang Pu Phueak Paññādaro,2025-10-03T16:13:39Z
81250158,Juan de Dios Bojórquez,2025-10-03T16:17:54Z
81250190,Sue Gottling,2025-10-03T16:20:47Z
81250195,Julia op ten Noort,2025-10-03T16:21:01Z
81250238,Navin Bidaisee,2025-10-03T16:25:04Z
81250246,Luang Pu Thong Ayana,2025-10-03T16:26:09Z
81250283,Max Marzillier,2025-10-03T16:30:35Z
81250295,Beatrice Capomaggi,2025-10-03T16:32:08Z
81250383,Stephanie Hyland,2025-10-03T16:42:37Z
81250403,Peter Lavery,2025-10-03T16:45:32Z
81250442,Josefa Tolrà,2025-10-03T16:52:34Z
81250480,Catt Sandler,2025-10-03T16:57:50Z
81250486,Phyllis Kugler,2025-10-03T16:59:30Z
81250489,Jim Jordan (boxer),2025-10-03T16:59:56Z
81250534,Jiao Yesong,2025-10-03T17:07:07Z
81250544,Susan Homola,2025-10-03T17:08:32Z
81250547,Emanuela Stecca,2025-10-03T17:08:46Z
81250572,Daniel Vicencio,2025-10-03T17:12:35Z
81250583,Keenan Garber,2025-10-03T17:14:04Z
81250592,Gail Sanborn,2025-10-03T17:15:35Z
81250599,Dickie Hanna (boxer),2025-10-03T17:16:25Z
81250600,Hamda Saïed,2025-10-03T17:16:25Z
81250602,Leo Gallagher (lawyer),2025-10-03T17:16:45Z
81250643,Susmitha Prabhakaran,2025-10-03T17:23:31Z
81250761,Mirjana Vukićević-Karabin,2025-10-03T17:38:50Z
81250773,Santiago Montiel,2025-10-03T17:40:22Z
81250794,Les Presmyk,2025-10-03T17:42:46Z
81250811,Luang Pu Khong Dhammarato,2025-10-03T17:44:04Z
81250862,Ilse Staiger,2025-10-03T17:49:14Z
81250917,Meagan Fitzgerald,2025-10-03T17:57:36Z
81250959,Alia Bitonci,2025-10-03T18:03:10Z
81251063,Luang Pho Chaem,2025-10-03T18:17:14Z
81251166,Luang Pu Iam Suvannasaro,2025-10-03T18:28:17Z
81251186,Juliana Ngleya Moko,2025-10-03T18:29:45Z
81251241,Ossie Higgins,2025-10-03T18:38:33Z
81251244,Luang Pu Phak Thammatatto,2025-10-03T18:39:26Z
81251277,Juan Stefanich,2025-10-03T18:43:10Z
81251301,Martin Schmidt (politician),2025-10-03T18:45:44Z
81251397,Roger Pleace,2025-10-03T19:00:29Z
81251447,Forough Alaei,2025-10-03T19:06:19Z
81251466,Ryan Vasquez,2025-10-03T19:07:52Z
81251479,Bogusław Kaczmarczyk,2025-10-03T19:08:28Z
81251488,Zahid Luqman,2025-10-03T19:10:13Z
81251506,Gaia Buso,2025-10-03T19:13:07Z
81251509,Shirley Ann Bruce Darrell,2025-10-03T19:13:19Z
81251524,Jonathan B.,2025-10-03T19:15:38Z
81251567,Giriraj Prasad Tiwari,2025-10-03T19:21:53Z
81251693,Andrés Torrón,2025-10-03T19:40:36Z
81251741,Winonah Leah Monroney Sanger,2025-10-03T19:48:05Z
81251781,Fredric Schiffer,2025-10-03T19:57:14Z
81251802,Marco Morelli,2025-10-03T20:00:55Z
81251886,Michele H. Miller,2025-10-03T20:19:42Z
81251910,Luang Phor Nong Indasuvanno,2025-10-03T20:23:17Z
81251916,Beate Kuhn,2025-10-03T20:23:53Z
81252077,Kyle Dudley,2025-10-03T20:41:21Z
81252083,Joanne Elizabeth Cutler,2025-10-03T20:42:03Z
81252117,Arvind S Kashyap,2025-10-03T20:47:42Z
81252136,Alessandro Marocco,2025-10-03T20:49:27Z
81252175,Madan Prasad Pariyar,2025-10-03T20:54:16Z
81252176,Arne Fältheim,2025-10-03T20:54:18Z
81252333,Kiki Hendriks,2025-10-03T21:13:21Z
81252346,Christopher Salm,2025-10-03T21:15:23Z
81252503,Ulrich Siegmund,2025-10-03T21:30:31Z
81252545,Andrés Felipe Mosquera,2025-10-03T21:36:17Z
81252627,Lykke Aresin,2025-10-03T21:54:24Z
81252640,Keningale Robert Cook,2025-10-03T21:57:01Z
81252698,Martín Cuéllar,2025-10-03T22:07:14Z
81252706,Stephen Q. Luckett,2025-10-03T22:09:07Z
81252746,Vivien Rottstedt,2025-10-03T22:16:50Z
81252783,Katrina stepanova,2025-10-03T22:22:40Z
81252805,Néstor Guzzini,2025-10-03T22:27:13Z
81252818,Jeferson Andrade,2025-10-03T22:29:48Z
81252882,Sébastien Pietrasanta,2025-10-03T22:42:39Z
81252888,Ima Winchell Stacy,2025-10-03T22:42:59Z
81252949,Mickey Fox,2025-10-03T22:53:27Z
81252951,Santos Cerdán,2025-10-03T22:53:45Z
81252999,Max Rohn,2025-10-03T23:00:47Z
81253273,Sophie Roske,2025-10-03T23:11:17Z
81253400,Bryce Applegate,2025-10-03T23:37:16Z
81253423,Selma Svendsen,2025-10-03T23:43:21Z
81253432,Yot Akkavamso,2025-10-03T23:44:54Z
81253552,King Ambers,2025-10-04T00:12:27Z
81253737,Somdet Heng Khemachari,2025-10-04T00:28:42Z
81253785,Byron Bustamante,2025-10-04T00:35:20Z
81253786,Murat Bazarov,2025-10-04T00:35:21Z
81253810,Somdet Thit Uthayo,2025-10-04T00:41:19Z
81253816,Michael Bumgarner (racing driver),2025-10-04T00:43:33Z
81254092,Brandon Lopez,2025-10-04T01:47:09Z
81254160,Au Chun-wah,2025-10-04T02:01:42Z
81254243,Bosone da Gubbio,2025-10-04T02:19:23Z
81254303,Luang Phor Ta Sonuttaro,2025-10-04T02:26:48Z
81254359,Doris Chow,2025-10-04T02:34:33Z
81254381,T. J. DeCaire,2025-10-04T02:40:33Z
81254735,Gavin Drysdale,2025-10-04T03:59:39Z
81254854,Natsuki Toda (athlete),2025-10-04T04:22:45Z
81254873,Delbert Paris,2025-10-04T04:27:27Z
81255208,Erfan Bondori Deraznoei,2025-10-04T05:47:28Z
81255209,Ali Baziyarshoorijeh,2025-10-04T05:48:07Z
81255269,Waldemar Stasiak,2025-10-04T06:02:33Z
81255336,Mohd Shafiq Abdullah,2025-10-04T06:17:06Z
81255351,Anthony Bouchard (athlete),2025-10-04T06:22:27Z
81255415,Rafi Solaiman,2025-10-04T06:38:26Z
81255750,Afzaa Fadini Abdul Aziz,2025-10-04T08:26:38Z
81255770,Elise Seignolle,2025-10-04T08:31:33Z
81255814,Melissa Sandrine Behinan,2025-10-04T08:43:11Z
81255852,Akio Fujimoto,2025-10-04T08:55:27Z
81255956,Miguel Corral,2025-10-04T09:26:42Z
81256103,Camilo Barcia García-Villamil,2025-10-04T10:13:58Z
81256110,Sarah Laine,2025-10-04T10:16:03Z
81256157,Shuja Asad,2025-10-04T10:29:47Z
81256162,Hakim Daud,2025-10-04T10:32:19Z
81256231,Catherine Mzumara,2025-10-04T10:52:10Z
81256258,Fs Nayeem,2025-10-04T10:58:42Z
81256274,Jaroslav Knot,2025-10-04T11:04:44Z
81256317,Svetlana Khustik,2025-10-04T11:16:09Z
81256376,Steffi Klenz,2025-10-04T11:32:55Z
81256388,Jehangir Choudhary (cinematographer),2025-10-04T11:36:11Z
81256392,Ambrose Hawkins,2025-10-04T11:37:44Z
81256415,Bola Owolabi,2025-10-04T11:45:24Z
81256455,James Leiper,2025-10-04T11:55:43Z
81256456,Yana Yarosh,2025-10-04T11:56:02Z
81256507,Naïm Byar,2025-10-04T12:10:05Z
81256508,Willoughby Prescott Lowe,2025-10-04T12:10:11Z
81256546,Brigitte Simonetta,2025-10-04T12:17:41Z
81256605,Mazen Kalassina,2025-10-04T12:31:19Z
81256610,Athole Still,2025-10-04T12:32:42Z
81256659,Cathy Schmidt,2025-10-04T12:49:53Z
81256664,Philip Treleaven,2025-10-04T12:53:19Z
81256666,Roman Holobutovskyy,2025-10-04T12:54:57Z
81256729,Tiffany Logette-Lods,2025-10-04T13:10:11Z
81256813,Florian Köhler,2025-10-04T13:30:48Z
81256850,Jonas Dünzel,2025-10-04T13:40:45Z
81256858,Mason Heintschel,2025-10-04T13:43:18Z
81256860,Jarvis Thornton,2025-10-04T13:43:32Z
81257059,Sangduen Chailert,2025-10-04T14:12:45Z
81257064,Senihad Šator,2025-10-04T14:13:15Z
81257103,David Edwards (rower),2025-10-04T14:21:16Z
81257120,Antonina Vvedenskaya,2025-10-04T14:26:22Z
81257125,Paul Van Bruystegem,2025-10-04T14:27:56Z
81257132,José Guilherme (football manager),2025-10-04T14:29:40Z
81257159,John Edwards (rower),2025-10-04T14:34:41Z
81257162,Julian Brüning,2025-10-04T14:34:56Z
81257183,Georg Gassner (lawyer),2025-10-04T14:39:50Z
81257234,Mathurin Madoré,2025-10-04T14:45:01Z
81257333,Michel-Friedrich Schiefler,2025-10-04T14:54:45Z
81257363,Laura Gurioli,2025-10-04T14:58:20Z
81257397,Matyáš Novák,2025-10-04T15:04:29Z
81257414,Florent Kema,2025-10-04T15:07:57Z
81257440,Ted Keller,2025-10-04T15:12:19Z
81257449,David Prichard,2025-10-04T15:14:13Z
81257461,Duan Shao,2025-10-04T15:16:44Z
81257536,Thore Güldner,2025-10-04T15:30:13Z
81257574,Alexandra Becker,2025-10-04T15:40:22Z
81257590,Roger Maunder (fencer),2025-10-04T15:43:08Z
81257651,Amilcar Tanuri,2025-10-04T15:52:36Z
81257694,C. C. A. Monro,2025-10-04T15:58:50Z
81257728,Rebekka Hauri,2025-10-04T16:04:55Z
81257801,Annika Urbanski,2025-10-04T16:15:19Z
81257936,"List of people from Burbank, California",2025-10-04T16:39:02Z
81258013,Fabian Blum,2025-10-04T16:49:21Z
81258055,Flynn Cameron,2025-10-04T16:52:50Z
81258164,Vincenzo Romeo,2025-10-04T17:05:22Z
81258364,P. C. Ramasami,2025-10-04T17:42:26Z
81258429,John S. Richardson (zoologist),2025-10-04T17:56:54Z
81258492,Erik von Sydow,2025-10-04T18:09:48Z
81258588,Amir Behrouz,2025-10-04T18:28:09Z
81258590,Pardeep Kumar (discus thrower),2025-10-04T18:28:40Z
81258658,Tre' Booker,2025-10-04T18:40:21Z
81258762,Leonela Moncayo,2025-10-04T18:55:27Z
81258835,Lucas Schmitz,2025-10-04T19:06:03Z
81258903,Chris Crawford (dancer),2025-10-04T19:14:44Z
81258912,Nico Bloem,2025-10-04T19:15:55Z
81258937,Pak Myong-jin,2025-10-04T19:20:24Z
81259006,Suzanne Débarbat,2025-10-04T19:33:32Z
81259033,Kemir Čolić,2025-10-04T19:38:30Z
81259094,Chandalae Lanouette,2025-10-04T19:50:50Z
81259115,Helen Louise Beccard Niles,2025-10-04T19:54:41Z
81259131,Maria Ponomarenko,2025-10-04T19:58:43Z
81259135,Nuno Pereira (athlete),2025-10-04T19:59:15Z
81259275,Priscilla Thompson (journalist),2025-10-04T20:18:15Z
81259503,Dystrix,2025-10-04T20:49:10Z
81259636,Jesse Fried,2025-10-04T21:10:56Z
81259653,Hicham Ayouch,2025-10-04T21:12:48Z
81259670,Elaine Jentsch,2025-10-04T21:15:23Z
81259758,Pascal Schleich,2025-10-04T21:27:54Z
81259847,Henri Mastelyn,2025-10-04T21:42:03Z
81259861,Julia Harenz,2025-10-04T21:43:28Z
81259885,Adrienne Veigele,2025-10-04T21:47:39Z
81259904,Vicente Durán,2025-10-04T21:49:16Z
81259910,Julio Díaz del Romo,2025-10-04T21:50:13Z
81259944,Vyshonne Janusas,2025-10-04T21:56:41Z
81259981,Vera Vigevani de Jarach,2025-10-04T22:03:05Z
81259989,Balthasar von Thannhausen,2025-10-04T22:05:00Z
81259996,Philipp Raulfs,2025-10-04T22:07:14Z
81260009,Shaun Hergatt,2025-10-04T22:11:07Z
81260032,Bahman Choubi-asl,2025-10-04T22:16:07Z
81260039,Jimmy Ciarlo,2025-10-04T22:17:50Z
81260062,Vershon Lee,2025-10-04T22:21:30Z
81260070,John Stuart Verschoyle,2025-10-04T22:22:57Z
81260102,João Vítor Xavier,2025-10-04T22:27:26Z
81260133,Ronaldy,2025-10-04T22:32:31Z
81260183,Paola Zanetti,2025-10-04T22:42:20Z
81260205,James Norval (actor),2025-10-04T22:47:18Z
81260265,Isaac Claver,2025-10-04T22:56:48Z
81260292,Mark Adam Boland,2025-10-04T23:00:36Z
81260315,Anna Cloete,2025-10-04T23:05:44Z
81260438,James Harry,2025-10-04T23:25:35Z
81260465,Vikkals Vikram,2025-10-04T23:31:52Z
81260697,Helen Hopfield,2025-10-04T23:56:04Z
81260877,Anne Spence,2025-10-05T00:11:38Z
81261137,Michael Jenkins (athlete),2025-10-05T00:41:04Z
81261144,"Diego Sánchez (footballer, born 2005)",2025-10-05T00:41:21Z
81261499,Jake Adams (pornographic actor),2025-10-05T00:55:36Z
81261500,Levin Moreno,2025-10-05T00:55:44Z
81261511,Đặng Thái Huyền,2025-10-05T00:57:33Z
81261714,Frank Nicastro,2025-10-05T01:24:28Z
81261829,Daniel Santos (fighter),2025-10-05T01:29:09Z
81261916,V. Perumal,2025-10-05T01:31:41Z
81261965,R. Govindasamy,2025-10-05T01:36:20Z
81262000,Casey Conley,2025-10-05T01:41:20Z
81262102,Lexie Brown (athlete),2025-10-05T01:47:41Z
81262118,Ariel Oxaal,2025-10-05T01:49:51Z
81262136,Andrej Kostić,2025-10-05T01:50:51Z
81262181,Mohamad Kamil Shafie,2025-10-05T01:53:09Z
81262378,Nathan Jason,2025-10-05T02:03:08Z
81262454,Akeesha Snowden,2025-10-05T02:09:24Z
81262558,Donna Ellis,2025-10-05T02:18:51Z
81262640,Nikolai Rubakin,2025-10-05T02:30:14Z
81262655,Justin Jefferson (linebacker),2025-10-05T02:32:40Z
81262704,Erika Conners,2025-10-05T02:39:48Z
81262769,Dawn Johnson (politician),2025-10-05T02:47:33Z
81262906,Polly Campion,2025-10-05T03:03:53Z
81262951,Yvonne Thomas (politician),2025-10-05T03:11:28Z
81262961,Navneet Chaturvedi,2025-10-05T03:12:58Z
81262976,Kevin Maes,2025-10-05T03:15:17Z
81262998,Richard Osborne (politician),2025-10-05T03:20:44Z
81263026,Teijo Kööpikkä,2025-10-05T03:28:42Z
81263078,Tae Johnson (American football),2025-10-05T03:33:35Z
81263282,Sahban Wa'il,2025-10-05T03:50:27Z
81263320,Itamar Bellasalma,2025-10-05T03:58:07Z
81263336,Filippo Agostinacchio,2025-10-05T04:00:54Z
81263351,Jacoténe,2025-10-05T04:06:23Z
81263508,Swathy Nithyanand,2025-10-05T04:47:48Z
81263547,Antoni Lallican,2025-10-05T04:53:09Z
81263563,King Dixon,2025-10-05T05:01:53Z
81263571,Amir Masdi,2025-10-05T05:03:08Z
81263725,K. G. Jayan (cinematographer),2025-10-05T05:39:35Z
81263778,Božić Božićević,2025-10-05T05:53:30Z
81263807,Hanno Hahn,2025-10-05T06:01:16Z
81263873,Aleksandr Khrupin,2025-10-05T06:20:00Z
81263910,Mildred McAdory,2025-10-05T06:31:06Z
81263917,Mark Henshaw,2025-10-05T06:32:57Z
81263952,Madina Mukhtorova,2025-10-05T06:41:26Z
81263967,Konrāds fon Manderns,2025-10-05T06:45:37Z
81264078,María Guadalupe Navarro Hernández,2025-10-05T07:16:21Z
81264106,P. K. T. Natarajaan,2025-10-05T07:28:58Z
81264113,Tom Maudlin,2025-10-05T07:32:42Z
81264129,P. Rajarathnam,2025-10-05T07:36:14Z
81264255,Sonnet Stanfill,2025-10-05T08:10:59Z
81264282,Harold White (RAF officer),2025-10-05T08:19:35Z
81264337,Kumari Perera,2025-10-05T08:36:22Z
81264338,Ina von Grumbkow,2025-10-05T08:37:28Z
81264623,"Francisco Javier Elorza y Cavengt, 4th Marquess of Nerva",2025-10-05T10:14:38Z
81264631,Khayalethu Xaba,2025-10-05T10:16:17Z
81264676,Wang Hao (weightlifter),2025-10-05T10:35:21Z
81264717,John Montgomery (writer),2025-10-05T10:46:41Z
81264732,Antoni Gelonch Viladegut,2025-10-05T10:51:48Z
81264769,Nur Lyana,2025-10-05T11:00:04Z
81264853,Rui Gomes (football manager),2025-10-05T11:16:45Z
81264856,Bruce McCaw,2025-10-05T11:16:50Z
81264888,Yohaan Benjamin,2025-10-05T11:25:32Z
81264909,Pat Fogarty (illustrator),2025-10-05T11:33:48Z
81264959,Décio Andrade,2025-10-05T11:44:44Z
81265084,George Hope Tait,2025-10-05T12:09:57Z
81265133,John Preston (fencer),2025-10-05T12:20:43Z
81265149,Al-Shawarbi family,2025-10-05T12:23:18Z
81265198,Ollie Bostock,2025-10-05T12:32:46Z
81265225,Amitha Wedisinghe,2025-10-05T12:40:37Z
81265233,Ambari Daroueche,2025-10-05T12:42:21Z
81265256,Rosamund Flora Shove,2025-10-05T12:46:33Z
81265264,"Abdul Sesay (footballer, born 2004)",2025-10-05T12:48:22Z
81265322,Sophie Koch (politician),2025-10-05T12:59:22Z
81265335,Ameer Fakher Eldin,2025-10-05T13:02:19Z
81265359,Colin Murray (anthropologist),2025-10-05T13:06:01Z
81265391,Malcolm Kerslake,2025-10-05T13:10:27Z
81265474,Puseletso Mabote,2025-10-05T13:23:32Z
81265559,Francisco Javier Conde de Saro,2025-10-05T13:36:16Z
81265560,Xavier Durringer,2025-10-05T13:36:19Z
81265615,Ruby K. Worner,2025-10-05T13:46:11Z
81265641,Melicent Wathen,2025-10-05T13:50:15Z
81265718,Jed Colonia,2025-10-05T14:00:33Z
81265821,Enxhi Seli-Zacharias,2025-10-05T14:20:20Z
81265886,James Learmonth of Dairsie,2025-10-05T14:32:04Z
81266092,Zafire Hatun,2025-10-05T15:04:21Z
81266093,Domenico Ottomano,2025-10-05T15:04:25Z
81266107,Gautam Kaul (Film Critic),2025-10-05T15:07:26Z
81266135,Marco Schulz,2025-10-05T15:12:47Z
81266139,Etson Barros,2025-10-05T15:13:35Z
81266142,Olivier Peter,2025-10-05T15:14:01Z
81266196,Isak Vådebu,2025-10-05T15:19:41Z
81266256,Edwin Panergo,2025-10-05T15:26:17Z
81266349,Ken McKenzie (basketball),2025-10-05T15:43:56Z
81266351,Alessandra Frangipani,2025-10-05T15:44:22Z
81266379,Clara Barros,2025-10-05T15:47:49Z
81266445,Jacob Bridgeman,2025-10-05T15:58:02Z
81266450,Andrew Patey,2025-10-05T15:58:31Z
81266454,Jennifer Gießler,2025-10-05T15:59:33Z
81266496,Cor Vos,2025-10-05T16:06:13Z
81266666,Anastas Lozanchev,2025-10-05T16:30:27Z
81266748,Marc Brandel,2025-10-05T16:44:00Z
81266796,Nadezhda M. Bulgakova,2025-10-05T16:53:57Z
81266825,Jamilya İsayeva,2025-10-05T16:58:29Z
81266880,Tonya Lawani,2025-10-05T17:06:45Z
81266886,Hazel Homer-Wambeam,2025-10-05T17:08:19Z
81266966,Pierre de Wet,2025-10-05T17:22:41Z
81266990,2025 Montgomery shooting,2025-10-05T17:26:14Z
81267000,Theda Kenyon,2025-10-05T17:28:48Z
81267002,James Pellow,2025-10-05T17:29:15Z
81267158,Alexander Zeyer,2025-10-05T17:53:29Z
81267169,Zuleika Robson,2025-10-05T17:55:41Z
81267183,Louis Bidalira,2025-10-05T17:57:33Z
81267198,Zee Dyasi,2025-10-05T18:00:20Z
81267277,Nurtai Sabilianov,2025-10-05T18:12:06Z
81267409,Lisav Eissat,2025-10-05T18:27:58Z
81267479,Christine Rollard,2025-10-05T18:34:40Z
81267605,Yu Si-eun,2025-10-05T18:51:21Z
81267714,Danny Walker (golfer),2025-10-05T19:05:57Z
81267726,Timo Ahr,2025-10-05T19:07:20Z
81267778,Silvia Cristóbal,2025-10-05T19:13:38Z
81267817,Maxence Melo Mubyazi,2025-10-05T19:17:04Z
81267855,James T. Plousis,2025-10-05T19:21:53Z
81267901,Ahmet Nesin,2025-10-05T19:28:02Z
81267922,JBS (singer),2025-10-05T19:29:50Z
81268002,Lena Otto,2025-10-05T19:40:58Z
81268010,Isabel Esaín-García,2025-10-05T19:42:20Z
81268117,Adrien Arpel,2025-10-05T20:00:59Z
81268185,Behrooz Mahmoodi-Bakhtiari,2025-10-05T20:13:03Z
81268254,Delaphine Grace Wyckoff,2025-10-05T20:22:22Z
81268452,Nicolás Garrido,2025-10-05T20:53:19Z
81268463,Konstanse Marie Alvær,2025-10-05T20:56:12Z
81268493,Katerina Demetrashvili,2025-10-05T21:02:27Z
81268501,Hamish Steele,2025-10-05T21:04:55Z
81268511,David Jeng,2025-10-05T21:06:02Z
81268525,Theresa Gröninger,2025-10-05T21:09:17Z
81268531,Mehran Nikoee Majd,2025-10-05T21:10:19Z
81268633,Wilfredo Calviño,2025-10-05T21:19:26Z
81268754,Damhat Sisamci,2025-10-05T21:32:31Z
81268767,Steven Fisk,2025-10-05T21:35:51Z
81269198,Sarah Philipp,2025-10-05T22:09:36Z
81269244,Hubert Büchel (politician),2025-10-05T22:19:57Z
81269250,Juan Carlos Sánchez Montes de Oca,2025-10-05T22:20:45Z
81269256,Ricardo Maia (politician),2025-10-05T22:21:21Z
81269331,Heather Spearman,2025-10-05T22:35:29Z
81269351,Maryvonne Le Brignonen,2025-10-05T22:38:45Z
81269380,Uxía Tizón,2025-10-05T22:47:59Z
81269435,Lan Qin (Liang dynasty),2025-10-05T22:58:42Z
81269525,Janina Oszast,2025-10-05T23:07:20Z
81269878,Štěpán Slovák,2025-10-05T23:20:16Z
81270310,Hein Bollow,2025-10-05T23:49:01Z
81270311,Parisa Saboori,2025-10-05T23:49:03Z
81270363,Mirza Mahmud Khan Hakim ol-Molk,2025-10-05T23:58:24Z
81270500,William E. Carson (conservationist),2025-10-06T00:03:07Z
81270638,Kavita Baruah,2025-10-06T00:26:06Z
81270652,Luis Stefanelli,2025-10-06T00:28:09Z
81270695,Benjamin Činčila,2025-10-06T00:34:11Z
81270729,Daniel Bianchi,2025-10-06T00:39:14Z
81270745,Jiří Vojáček,2025-10-06T00:42:12Z
81270746,Hasan Farhat (footballer),2025-10-06T00:42:34Z
81270759,Achille Enoc Mariano,2025-10-06T00:46:16Z
81270785,Clement Fowler,2025-10-06T00:51:18Z
81270875,Juan Pablo Velasco,2025-10-06T01:05:46Z
81270887,Fatima Vila Nova,2025-10-06T01:08:00Z
81271039,Hồ Văn Ngà,2025-10-06T01:14:05Z
81271054,Julian Yu,2025-10-06T01:14:26Z
81271828,Jacques Laumosnier,2025-10-06T02:22:56Z
81271840,Bogdan Budko,2025-10-06T02:24:20Z
81271842,Nureli Abbas,2025-10-06T02:24:31Z
81272000,Mark Oshiro,2025-10-06T02:47:17Z
81272068,Mohamed Nidhal Khelifi,2025-10-06T02:58:58Z
81272121,Molly Hunter (American journalist),2025-10-06T03:08:39Z
81272152,Shaku Kōnen,2025-10-06T03:09:21Z
81272210,Shaku Unshō,2025-10-06T03:18:09Z
81272644,Samuel Colvil,2025-10-06T04:37:58Z
81272689,Frederick N. Rasmussen,2025-10-06T04:50:48Z
81272706,Rustom Jung,2025-10-06T04:54:51Z
81272795,László Horváth (politician in Serbia),2025-10-06T05:21:11Z
81272905,Alfred Gangata,2025-10-06T05:57:09Z
81272968,Javad Hajizadeh Koljahi,2025-10-06T06:09:40Z
81273037,Emin Moğulkoç,2025-10-06T06:17:56Z
81273088,Charlie Ramos,2025-10-06T06:24:13Z
81273098,Kwak Jong-geun,2025-10-06T06:26:31Z
81273136,Kazi Saifuddin,2025-10-06T06:35:56Z
81273288,Fletcher Smythe-Lowe,2025-10-06T07:18:13Z
81273361,Helmut van Thiel,2025-10-06T07:33:55Z
81273415,Johnson Thomaskutty,2025-10-06T07:44:21Z
81273511,Karlo Kuranyi,2025-10-06T08:03:02Z
81273718,Isa Rustamov,2025-10-06T08:59:47Z
81273723,Syahir Rashid,2025-10-06T09:02:09Z
81273773,Gor Sahakyan,2025-10-06T09:13:53Z
81273840,Oscar Reyes,2025-10-06T09:29:26Z
81273842,Zahid Niaz,2025-10-06T09:30:15Z
81273852,Jean Lauffray,2025-10-06T09:33:52Z
81273907,Mary E. Brunkow,2025-10-06T09:48:05Z
81273909,Kimberley Swords,2025-10-06T09:48:53Z
81273915,Marta García (weightlifter),2025-10-06T09:49:33Z
81273943,Ermal Hasimja,2025-10-06T09:56:08Z
81273957,Andreea Cotruța,2025-10-06T09:58:32Z
81273971,Albert Weber (Swiss footballer),2025-10-06T10:02:15Z
81273992,Teona Todua,2025-10-06T10:07:19Z
81274076,Branimir Mlačić,2025-10-06T10:23:25Z
81274098,Afetsi Awoonor,2025-10-06T10:28:43Z
81274129,Anne Neyland,2025-10-06T10:36:00Z
81274165,He Yueji,2025-10-06T10:43:39Z
81274166,Vera Alexander,2025-10-06T10:44:16Z
81274179,Chris Latchem,2025-10-06T10:48:26Z
81274205,Marino Skelin,2025-10-06T10:55:24Z
81274273,Maximilian Müger,2025-10-06T11:08:23Z
81274301,Giacomo Balzarini,2025-10-06T11:13:51Z
81274305,Luka Hodak,2025-10-06T11:15:26Z
81274317,S. S. Thirunavukkarasu,2025-10-06T11:18:16Z
81274333,Boy Soda,2025-10-06T11:21:55Z
81274342,Julius Schneider (politician),2025-10-06T11:23:29Z
81274399,Wena Naudé,2025-10-06T11:35:51Z
81274412,Constantin Grosch,2025-10-06T11:39:24Z
81274464,Sophie Ramdor,2025-10-06T11:49:46Z
81274476,Vincent Josse,2025-10-06T11:54:55Z
81274482,Willah Mudolo,2025-10-06T11:56:35Z
81274485,Tuan Mohamed Amidon,2025-10-06T11:57:28Z
81274486,Geeneus,2025-10-06T11:58:08Z
81274575,Marie-Sophie Künkel,2025-10-06T12:18:27Z
81274635,Jonathan H. Jiang,2025-10-06T12:32:00Z
81274675,Daniel Scheen-Pauls,2025-10-06T12:41:51Z
81274759,Dadash Dadashbayli,2025-10-06T12:57:30Z
81274795,Dorothy Chikonje,2025-10-06T13:02:35Z
81275050,Prem Kumar Rai,2025-10-06T13:49:56Z
81275089,Daniel Lindenschmid,2025-10-06T13:56:23Z
81275149,Giorgos Passios,2025-10-06T14:08:29Z
81275214,Daniel Chasquetti,2025-10-06T14:20:34Z
81275222,Gugulethu Mfuphi,2025-10-06T14:22:26Z
81275248,Ryusei Hamada,2025-10-06T14:27:10Z
81275266,Shin Kono,2025-10-06T14:31:04Z
81275268,Dennis Jahn,2025-10-06T14:31:05Z
81275313,Kate Steinberg,2025-10-06T14:37:45Z
81275377,Alexander Hofmann,2025-10-06T14:50:34Z
81275402,Carlos Bastarreche,2025-10-06T14:54:54Z
81275413,Lithierry Silva,2025-10-06T14:56:01Z
81275625,Raúl Pereira Vargas,2025-10-06T15:35:11Z
81275687,Ahmad Harb,2025-10-06T15:43:40Z
81275737,Zhou Wenyu,2025-10-06T15:52:24Z
81275744,Katinka Blackford Newman,2025-10-06T15:54:26Z
81275846,Prem Sagar (cinematographer),2025-10-06T16:14:14Z
81275906,Shobha Broota,2025-10-06T16:24:56Z
81275960,Nick Derzis,2025-10-06T16:32:34Z
81276044,Alessia Pilani,2025-10-06T16:44:08Z
81276118,Amir Mohammadi,2025-10-06T16:52:56Z
81276246,Mally Smith,2025-10-06T17:05:03Z
81276250,Alex Henderson (manager),2025-10-06T17:05:33Z
81276441,Berenice Olmedo,2025-10-06T17:27:59Z
81276448,Ioan Vermeșan,2025-10-06T17:28:43Z
81276506,Filip Pławiak,2025-10-06T17:33:56Z
81276565,Vítor Martins (football manager),2025-10-06T17:39:50Z
81276631,Abdur Rahman Katki,2025-10-06T17:49:13Z
81276689,Sadiq Isu,2025-10-06T17:58:51Z
81276732,Aratrika Maity,2025-10-06T18:05:17Z
81276756,Calton Younger,2025-10-06T18:08:45Z
81276797,Agnieszka Lajus,2025-10-06T18:14:58Z
81276800,My Brain,2025-10-06T18:15:09Z
81276821,Desiree Spinelli,2025-10-06T18:18:00Z
81276910,Pedro Sorongo,2025-10-06T18:23:50Z
81277000,Ted Noffey,2025-10-06T18:31:35Z
81277022,Madeline Munro,2025-10-06T18:34:18Z
81277083,Kwame Mbalia,2025-10-06T18:38:30Z
81277112,Leon-Oumar Wechsel,2025-10-06T18:44:00Z
81277189,Julie Tsirkin,2025-10-06T18:55:37Z
81277193,Nicolas Kynaston,2025-10-06T18:56:09Z
81277198,Robert Henry Kinahan,2025-10-06T18:57:00Z
81277209,Countess Henrietta Danneskiold-Samsøe,2025-10-06T18:58:13Z
81277264,Johann Franz von Pretlack,2025-10-06T19:05:33Z
81277390,Ibon Ignacio Sánchez Océn,2025-10-06T19:25:01Z
81277423,Robbie Parris,2025-10-06T19:29:20Z
81277430,Sebastian Sialau,2025-10-06T19:30:28Z
81277518,Mór Balázs,2025-10-06T19:41:49Z
81277531,Nicole Holliday,2025-10-06T19:45:24Z
81277580,Maximilian Ziegler,2025-10-06T19:54:53Z
81277602,Tomer Biran,2025-10-06T19:59:02Z
81277610,Emma Norton (producer),2025-10-06T20:00:40Z
81277628,Glauber Costa,2025-10-06T20:02:23Z
81277629,Cédric Hervet,2025-10-06T20:02:26Z
81277669,Hamilcar the Samnite,2025-10-06T20:09:20Z
81277759,James Johnston (murderer),2025-10-06T20:28:14Z
81277773,Diane Goodstein,2025-10-06T20:30:17Z
81277777,Camille Senon,2025-10-06T20:30:33Z
81277806,Peter John Hudson,2025-10-06T20:34:43Z
81277855,Sybla Ramus,2025-10-06T20:40:46Z
81277872,Jonathan Dienst,2025-10-06T20:44:14Z
81277906,Ruphin Zafisambo,2025-10-06T20:49:52Z
81278043,Bob Barrabee,2025-10-06T21:04:49Z
81278066,Augusto Valqui,2025-10-06T21:09:51Z
81278103,Nour al-Jandali,2025-10-06T21:16:34Z
81278133,Ya Wang,2025-10-06T21:20:18Z
81278152,Iyebiye Adeitan,2025-10-06T21:23:32Z
81278157,Widad Ibrahim Elmahboub,2025-10-06T21:24:37Z
81278165,Qodsi Mashhadi,2025-10-06T21:26:40Z
81278178,Maximilian Raber,2025-10-06T21:29:12Z
81278291,Ferenc Esterházy (1683–1754),2025-10-06T21:47:38Z
81278399,Gerhard Bärsch,2025-10-06T22:05:16Z
81278419,Tony Davis (boxing coach),2025-10-06T22:10:50Z
81278500,Eduardo Bismarck,2025-10-06T22:19:27Z
81278605,Irene García,2025-10-06T22:36:16Z
81278628,Dorothy Howard (mezzo-soprano),2025-10-06T22:40:43Z
81278660,Douglas N. Harris,2025-10-06T22:46:33Z
81278699,Antonios Melissenos,2025-10-06T22:53:33Z
81278709,Edward D. Phelka,2025-10-06T22:55:49Z
81278725,Guillaume Balas,2025-10-06T22:57:39Z
81279217,Abdullah Ilgaz,2025-10-07T00:18:30Z
81279253,Edward F. Corsi,2025-10-07T00:30:58Z
81279372,Riley Walz,2025-10-07T00:55:43Z
81279403,Zuhair Manasra,2025-10-07T01:02:50Z
81279493,Mohamed Alì Zoma,2025-10-07T01:13:19Z
81279547,Ziedonis Čevers,2025-10-07T01:23:52Z
81279609,Ernst Homberger (politician),2025-10-07T01:32:30Z
81279636,Bakhodir Abdullaev,2025-10-07T01:40:11Z
81279640,Alvaro Superchi,2025-10-07T01:40:40Z
81279746,Shraddha Jain,2025-10-07T01:59:27Z
81279753,Kevin Russell (politician),2025-10-07T02:01:01Z
81280046,Phra Rajakhana Tinrien,2025-10-07T03:06:51Z
81280172,Mana Sasaki,2025-10-07T03:23:45Z
81280184,Georgina Sturge,2025-10-07T03:26:47Z
81280216,Vladimir Fratea,2025-10-07T03:37:12Z
81280229,Archibald Stevenson (American football),2025-10-07T03:40:33Z
81280284,Sharon Hecker,2025-10-07T03:55:46Z
81280380,Olakunle Martini Akande,2025-10-07T04:29:18Z
81280393,Young-Key Kim-Renaud,2025-10-07T04:33:18Z
81280424,Philippos Matthai,2025-10-07T04:40:32Z
81280564,Max Weir,2025-10-07T05:15:31Z
81280765,Knut Skaaluren,2025-10-07T06:15:21Z
81280811,Shawn Daniel,2025-10-07T06:29:12Z
81280950,John Quincy Dickinson,2025-10-07T07:08:29Z
81280963,ManiVerse,2025-10-07T07:11:38Z
81281012,Rajkumar Kasireddy,2025-10-07T07:22:57Z
81281120,Morteza Dehghani,2025-10-07T07:55:07Z
81281168,Romualdas Jansonas,2025-10-07T08:06:48Z
81281271,Mahmoud El Hareedy,2025-10-07T08:31:59Z
81281392,Alexander Smith (mathematician),2025-10-07T08:54:43Z
81281444,Rahul Shandilya,2025-10-07T09:02:52Z
81281452,Fathimath Jameel,2025-10-07T09:07:45Z
81281567,Ezekiel Akwana,2025-10-07T09:33:56Z
81281624,Stanisław Juchnowicz,2025-10-07T09:47:30Z
81281650,Rod Stephen,2025-10-07T09:53:16Z
81281651,Justin Sadack Saidi,2025-10-07T09:53:48Z
81281663,Peter Okidi,2025-10-07T09:57:03Z
81281683,Jacopo Quadri,2025-10-07T10:02:15Z
81281787,Duncan Burton,2025-10-07T10:26:59Z
81281910,Diya Khwairakpam,2025-10-07T10:55:13Z
81281914,Ernest Guérin,2025-10-07T10:56:11Z
81281936,Tawfik Bentayeb,2025-10-07T10:59:50Z
81281961,Jackline Juma,2025-10-07T11:00:48Z
81282042,Suzanne Thompson,2025-10-07T11:10:43Z
81282045,Anil Bora,2025-10-07T11:12:08Z
81282046,Yusuf Sesay,2025-10-07T11:12:21Z
81282047,Ejezie Emeka Rollas,2025-10-07T11:12:31Z
81282049,Mohini Devi,2025-10-07T11:12:42Z
81282101,Rob Eissler,2025-10-07T11:27:01Z
81282106,Mehdi mohsenkhah,2025-10-07T11:27:57Z
81282128,Tanatswa Nyakuhwa,2025-10-07T11:32:29Z
81282207,Sebastian Brauneis,2025-10-07T11:51:11Z
81282352,Hendrik Hanekom,2025-10-07T12:28:37Z
81282374,Augustin Bernard,2025-10-07T12:33:50Z
81282491,Mathilda Hanekom,2025-10-07T12:57:28Z
81282496,Vasily of Suzdal,2025-10-07T12:58:06Z
81282570,Jean-Claude Méry,2025-10-07T13:09:14Z
81282638,John Njogu,2025-10-07T13:23:53Z
81282771,Danstun Nyaudo,2025-10-07T13:44:07Z
81282847,Kathleen Carroll,2025-10-07T13:53:15Z
81282908,Poetry by children,2025-10-07T14:02:18Z
81282952,Pushpi Weerakoon,2025-10-07T14:08:36Z
81282957,Pedro Delgado (rugby union),2025-10-07T14:08:55Z
81283038,Margaret Miller Cooper,2025-10-07T14:21:33Z
81283072,Mohamed Hamidi,2025-10-07T14:27:12Z
81283098,Rusudana Nikoladze,2025-10-07T14:30:15Z
81283119,Pascal Arweiler,2025-10-07T14:33:26Z
81283204,Mikhail of Suzdal,2025-10-07T14:44:57Z
81283215,Beatrice Roseby Mwale,2025-10-07T14:45:51Z
81283236,Bachuki Tchumbadze,2025-10-07T14:48:01Z
81283377,Jenifer Kilapio,2025-10-07T15:07:13Z
81283482,Tuğra Turhan,2025-10-07T15:25:39Z
81283553,Giuseppe Colombo (producer),2025-10-07T15:35:35Z
81283605,Fernando Tercero,2025-10-07T15:44:03Z
81283623,Katharine barnwell,2025-10-07T15:46:27Z
81283739,Carlos Baylon Jr.,2025-10-07T15:59:12Z
81283806,Peter Gerhardt (politician),2025-10-07T16:07:34Z
81284133,K Vaikunth,2025-10-07T16:34:54Z
81284512,Erin McLaughlin,2025-10-07T16:58:45Z
81284554,Sonia Lal Gupta,2025-10-07T17:00:52Z
81284594,Iris Stalzer,2025-10-07T17:04:44Z
81284732,Manuel Conthe,2025-10-07T17:14:36Z
81284738,Stefan Herre (politician),2025-10-07T17:15:04Z
81284772,Taís Prioste,2025-10-07T17:19:29Z
81284796,Katarzyna Kubisiowska,2025-10-07T17:23:30Z
81284808,Jonny Ragga,2025-10-07T17:25:24Z
81284974,Indra Sinanan Ojah-Maharaj,2025-10-07T17:48:00Z
81284978,Maha Khananam Thianthuek,2025-10-07T17:48:18Z
81285018,Abdulla Jameel,2025-10-07T17:53:03Z
81285027,Julia Briggs,2025-10-07T17:54:19Z
81285102,Khru Khananam Ong Hung,2025-10-07T18:04:59Z
81285198,Tristan Smyth,2025-10-07T18:17:30Z
81285222,Thomas Iden,2025-10-07T18:20:53Z
81285223,Mateusz Dubiel,2025-10-07T18:20:57Z
81285245,Paul de Groot (actor),2025-10-07T18:24:55Z
81285257,Maha Khananam Kinchiew,2025-10-07T18:26:04Z
81285270,Larissa Kojoué,2025-10-07T18:30:17Z
81285291,Joe Khan,2025-10-07T18:33:59Z
81285330,Aundray Perera,2025-10-07T18:38:23Z
81285356,Grace Espy Patton,2025-10-07T18:41:52Z
81285365,Ishaan Madesh,2025-10-07T18:44:14Z
81285481,Devyn Simone Lock,2025-10-07T18:59:00Z
81285512,Thomas Senor,2025-10-07T19:04:03Z
81285597,Andrea Bartz,2025-10-07T19:15:25Z
81285623,Diwan Singh Rawat,2025-10-07T19:20:18Z
81285646,Yuan Tianmu,2025-10-07T19:23:21Z
81285683,Lars Katzmarek,2025-10-07T19:26:06Z
81285757,Juan Carlos Peralta,2025-10-07T19:34:50Z
81285768,Holly Rhiannon,2025-10-07T19:36:06Z
81285780,Joseph Swire,2025-10-07T19:37:50Z
81285946,Felix Teichner,2025-10-07T19:59:13Z
81285952,Schiller oder Die Erfindung des Deutschen Idealismus,2025-10-07T19:59:52Z
81286069,Lauren Grüniger,2025-10-07T20:14:32Z
81286086,Dennis Hohloch,2025-10-07T20:16:33Z
81286101,James Cogan (teacher),2025-10-07T20:19:48Z
81286130,Sahil Kapur,2025-10-07T20:24:26Z
81286133,Dustin Hillenburg,2025-10-07T20:25:00Z
81286164,Abdelaziz Ziari,2025-10-07T20:28:08Z
81286204,Alubomulle Sumanasara Thero,2025-10-07T20:33:45Z
81286240,Edward M. Flanagan Jr.,2025-10-07T20:38:20Z
81286359,Giannis Tsoumarakis,2025-10-07T20:56:04Z
81286454,Lilit Manukyan,2025-10-07T21:11:51Z
81286489,"Sir William Augustus Congreve, 3rd Baronet",2025-10-07T21:16:48Z
81286721,Madison Haugen,2025-10-07T21:53:52Z
81286797,Ludwig Scheetz,2025-10-07T22:10:38Z
81286801,Mariana Ramos,2025-10-07T22:12:45Z
81286836,Greyce Elias,2025-10-07T22:20:48Z
81286856,"Nikolai Yegorov (politician, born 1941)",2025-10-07T22:26:00Z
81286877,Melanie Shiraz,2025-10-07T22:32:58Z
81286932,Rebeca Torró,2025-10-07T22:45:47Z
81286951,Brad Means,2025-10-07T22:50:25Z
81287013,Carlos Da Silva (politician),2025-10-07T22:59:20Z
81287037,Esti Andayani,2025-10-07T23:02:36Z
81287179,Franz Anton Keller,2025-10-07T23:29:36Z
81287188,Husni-Jamal Nuralyhanova,2025-10-07T23:30:41Z
81287270,Nate Sheppard,2025-10-07T23:39:56Z
81287413,May Agbamuche-Mbu,2025-10-08T00:00:23Z
81287430,Aleksandra Woźniak,2025-10-08T00:01:33Z
81287496,Johann Kaspar Laaba,2025-10-08T00:11:05Z
81287499,Georgiana Dvorak-Theobald,2025-10-08T00:11:48Z
81287537,Emma Brunskill,2025-10-08T00:16:57Z
81287552,Zack Austin,2025-10-08T00:18:45Z
81287630,Nazir Begum,2025-10-08T00:36:36Z
81287680,Cameron Bolin,2025-10-08T00:46:25Z
81287694,Hade Vansen,2025-10-08T00:50:15Z
81287750,List of South Sudanese actors,2025-10-08T01:01:07Z
81287814,Phra Khunacharn Yenchiao,2025-10-08T01:15:43Z
81287907,Maha Khanacharn Phochang,2025-10-08T01:33:20Z
81287936,Maha Khanacharn Yen Yi,2025-10-08T01:42:33Z
81287990,List of Sudanese actors,2025-10-08T01:51:51Z
81288018,Zack Miracle,2025-10-08T01:56:05Z
81288065,Derek Hurlock,2025-10-08T02:01:59Z
81288131,Susan Dyer Reynolds,2025-10-08T02:14:04Z
81288159,Jake Florenca,2025-10-08T02:20:22Z
81288207,Justin Woodward,2025-10-08T02:28:40Z
81288234,Jorge Peña,2025-10-08T02:33:53Z
81288247,Karel Mustmaa,2025-10-08T02:36:59Z
81288248,Carter Langley,2025-10-08T02:37:24Z
81288316,Pierre Médevielle,2025-10-08T02:54:36Z
81288497,Évelyne Perrot,2025-10-08T03:12:29Z
81288530,Daniel Silvestri,2025-10-08T03:24:23Z
81288591,Jixin Chen,2025-10-08T03:45:27Z
81288642,Robert J. Hamers,2025-10-08T04:04:25Z
81288657,Talula Does the Hula From Hawaii,2025-10-08T04:09:56Z
81288695,Shira Golden,2025-10-08T04:18:59Z
81288710,Murray Hunter,2025-10-08T04:21:43Z
81288740,N. Thippanna,2025-10-08T04:26:16Z
81288837,Michel Issa,2025-10-08T04:48:18Z
81288941,Rusnah Kassim,2025-10-08T05:15:20Z
81288942,Suraj Ngashepam,2025-10-08T05:15:27Z
81289129,Jeffrey Housenbold,2025-10-08T06:06:07Z
81289155,Rajvir Jawanda,2025-10-08T06:13:07Z
81289202,Dennis Trudeau,2025-10-08T06:26:08Z
81289371,Osama Tayyib,2025-10-08T06:54:09Z
81289409,Robot Boii,2025-10-08T07:01:48Z
81289444,Thomas Flint (philosopher),2025-10-08T07:05:59Z
81289539,Mark C. Murphy,2025-10-08T07:31:20Z
81289545,Hana Abdullah Alnuaim,2025-10-08T07:32:51Z
81289618,Kojo Yankson (Gh),2025-10-08T07:53:04Z
81289632,Aaron Pike (golfer),2025-10-08T07:56:20Z
81289726,Arnold Asamoah-Baidoo,2025-10-08T08:16:03Z
81289728,Ronald Mann,2025-10-08T08:16:21Z
81289750,Dhrubajyoti Sarkar,2025-10-08T08:23:06Z
81289817,Andrea Lübcke,2025-10-08T08:39:38Z
81289921,Lists of births by year,2025-10-08T09:02:57Z
81289982,William J. Wainwright,2025-10-08T09:15:33Z
81290003,Reza Asghari,2025-10-08T09:20:24Z
81290015,Praveen Devasagayam,2025-10-08T09:27:37Z
81290799,List of Bangladesh international footballers,2025-10-08T11:22:35Z
81290805,Mariame Clément,2025-10-08T11:25:41Z
81290870,Florian Pochlatko,2025-10-08T11:41:46Z
81290911,Scott A. Davison,2025-10-08T11:54:50Z
81290989,Bijan Kaffenberger,2025-10-08T12:06:09Z
81291043,Angela Koller,2025-10-08T12:16:05Z
81291092,Kenneth Mackenzie (Governor),2025-10-08T12:26:44Z
81291180,Ronald L. Hall,2025-10-08T12:41:52Z
81291289,Scott Slaugh,2025-10-08T12:56:46Z
81291318,Youssef Swatt's,2025-10-08T13:01:37Z
81291402,Rafael Garrido Hierro,2025-10-08T13:18:37Z
81291651,Sylwia Tomecka-Suchoń,2025-10-08T13:49:21Z
81291652,Roger Schädler,2025-10-08T13:49:24Z
81291680,Alibek Kuantyrov,2025-10-08T13:53:07Z
81291756,Christian Mertens,2025-10-08T14:04:22Z
81291761,Maurice Giro,2025-10-08T14:05:03Z
81291785,Marcelo Stephano Timorán Paz,2025-10-08T14:08:58Z
81291810,Hannes Loth,2025-10-08T14:11:46Z
81291890,Erzhu Dulü,2025-10-08T14:19:04Z
81292016,Charles Ray Crawford,2025-10-08T14:39:01Z
81292038,Moez Nasri,2025-10-08T14:43:08Z
81292133,Mason Bailey,2025-10-08T14:54:32Z
81292173,Tarabina Birewibo Princewill,2025-10-08T14:58:43Z
81292177,Yury of Suzdal,2025-10-08T14:59:02Z
81292210,Łukasz M. Maciejewski,2025-10-08T15:05:35Z
81292303,Will Burkart,2025-10-08T15:16:00Z
81292339,Irene (Indonesian diplomat),2025-10-08T15:20:22Z
81292375,Vincent Mosco,2025-10-08T15:24:10Z
81292389,Belle Gonzalez,2025-10-08T15:25:38Z
81292397,Alex Young (actor),2025-10-08T15:27:54Z
81292410,Justice Figuareido,2025-10-08T15:30:31Z
81292414,Hudson Bulger,2025-10-08T15:31:37Z
81292433,Roland Irolla,2025-10-08T15:34:52Z
81292592,Larissa Henwood,2025-10-08T15:57:39Z
81292683,François de Ziegler,2025-10-08T16:11:58Z
81292749,Gold City (horse),2025-10-08T16:21:08Z
81292872,Aminath Jameel,2025-10-08T16:36:28Z
81292881,Adam Nocoń,2025-10-08T16:38:07Z
81292915,Saman de Silva,2025-10-08T16:41:48Z
81292992,Mohamed Light,2025-10-08T16:53:57Z
81293264,I. Richard Savage,2025-10-08T17:31:08Z
81293333,Letícia Medeiros,2025-10-08T17:39:55Z
81293559,Kana Kobayashi (runner),2025-10-08T18:13:30Z
81293583,Konstantin of Suzdal,2025-10-08T18:18:15Z
81293592,Martha Van Marter,2025-10-08T18:19:36Z
81293595,Michaela Kovacs,2025-10-08T18:19:56Z
81293663,Karlinah Djaja Atmadja Wirahadikusumah,2025-10-08T18:32:55Z
81293692,Rene Dierkes,2025-10-08T18:37:24Z
81293826,Chen Tiejun,2025-10-08T18:57:46Z
81293965,Ernesta Forti,2025-10-08T19:18:17Z
81293979,Solveig Vik,2025-10-08T19:19:57Z
81293981,Partiboi69,2025-10-08T19:20:14Z
81294066,Maya Hammoud,2025-10-08T19:29:46Z
81294099,Thế Hiển,2025-10-08T19:37:00Z
81294201,Anna Bauseneick,2025-10-08T19:54:52Z
81294213,Wayne Colburn,2025-10-08T19:56:10Z
81294499,Malka Gorfine,2025-10-08T20:36:40Z
81294774,Stevie Morgan (boxer),2025-10-08T20:56:55Z
81294839,Nike Adeyemi,2025-10-08T20:59:09Z
81294933,Helmut-Ulrich Weiss,2025-10-08T21:01:56Z
81295039,Jake Gill,2025-10-08T21:06:23Z
81295051,Bridget Gellert Lyons,2025-10-08T21:07:30Z
81295112,Yen Cheng-kuo,2025-10-08T21:15:16Z
81295119,Nicholas Bogdan,2025-10-08T21:15:56Z
81295218,Kuntaa Nikkil,2025-10-08T21:29:59Z
81295266,G. Steven Bova,2025-10-08T21:36:27Z
81295290,He Xiu (Han dynasty),2025-10-08T21:40:06Z
81295443,David Repke,2025-10-08T22:03:04Z
81295453,Jan Lundvik,2025-10-08T22:05:17Z
81295462,Holger Grießhammer,2025-10-08T22:06:17Z
81295511,Gilson Daniel,2025-10-08T22:13:33Z
81295533,Bennett M. Berger,2025-10-08T22:17:13Z
81295587,Julie Sommaruga,2025-10-08T22:24:33Z
81295715,Ferdinand Feldbrugge,2025-10-08T22:44:34Z
81295721,César Sánchez (politician),2025-10-08T22:45:49Z
81295792,Curtis McGraw,2025-10-08T22:59:12Z
81295857,Sun Qian (Chinese actress),2025-10-08T23:10:52Z
81295883,Ryan Ponti,2025-10-08T23:15:00Z
81295896,Shaye Scott,2025-10-08T23:17:42Z
81295941,Kyle Clinton (footballer),2025-10-08T23:30:08Z
81295975,David Stabler,2025-10-08T23:38:15Z
81296002,Jaron Vinet,2025-10-08T23:42:51Z
81296014,Susan Greenhalgh,2025-10-08T23:45:11Z
81296099,Niall Geany,2025-10-09T00:00:04Z
81296180,Cain Culto,2025-10-09T00:17:40Z
81296258,Manfred Deselaers,2025-10-09T00:35:04Z
81296325,Mille (singer),2025-10-09T00:51:27Z
81296355,Dennis (singer),2025-10-09T00:57:48Z
81296513,Barbara Myers,2025-10-09T01:27:59Z
81296587,Mary Beth Laughton,2025-10-09T01:42:39Z
81296590,James F. Matousek,2025-10-09T01:43:16Z
81296615,Agustín Arce,2025-10-09T01:50:59Z
81296644,Ryan Baker (Canadian football),2025-10-09T02:00:09Z
81296739,Mohamad Asruchin,2025-10-09T02:18:41Z
81296861,Braxton Burmeister,2025-10-09T02:29:05Z
81297051,Zufar ibn al-Hudhayl,2025-10-09T03:17:09Z
81297254,Harry Nickerson,2025-10-09T04:01:28Z
81297312,Teresa Cahill,2025-10-09T04:14:35Z
81297531,Capt. Ankur Dhillon,2025-10-09T05:09:51Z
81297576,Ibrahim Hajjaj,2025-10-09T05:19:44Z
81297688,Mamudo Balde,2025-10-09T05:46:11Z
81297771,Angelo Salizzoni,2025-10-09T06:10:47Z
81297824,Helin Kayıkçı,2025-10-09T06:26:16Z
81297833,Palestinian Journalists' Syndicate,2025-10-09T06:28:58Z
81298207,George Jafu,2025-10-09T08:14:58Z
81298224,Bukola Salami,2025-10-09T08:21:24Z
81298246,Alexandre Duhamel,2025-10-09T08:22:54Z
81298276,Bertrand Fourrier,2025-10-09T08:26:44Z
81298386,Eric Marrs,2025-10-09T08:50:17Z
81298484,Mohammed Abu Al-Shamat,2025-10-09T09:08:37Z
81298574,Meshari Sunyur,2025-10-09T09:33:23Z
81298576,Jules Girard (classicist),2025-10-09T09:33:39Z
81298610,Hashmi Taj Ibrahim,2025-10-09T09:42:55Z
81298620,Alma Krajnić,2025-10-09T09:48:34Z
81298630,Kristaps Grabovskis,2025-10-09T09:51:57Z
81298664,Headman Moyo,2025-10-09T10:00:22Z
81298687,Abdulaziz Al-Othman,2025-10-09T10:04:41Z
81298708,Jaime VandenBerg,2025-10-09T10:07:55Z
81298710,Anthony Delaney,2025-10-09T10:07:57Z
81298742,Madeleine Pelling,2025-10-09T10:16:09Z
81298747,Eva Hunter,2025-10-09T10:17:14Z
81298760,Luisa Sanz Martínez,2025-10-09T10:21:43Z
81298805,Maria Hempel,2025-10-09T10:32:45Z
81298896,Lucie Sedmihradská,2025-10-09T10:55:17Z
81298934,Bina Ramani,2025-10-09T11:04:42Z
81299037,Musa Ncube,2025-10-09T11:26:06Z
81299116,Gérard Pipart,2025-10-09T11:40:54Z
81299244,Gustavus Ernest Lineberry,2025-10-09T12:04:02Z
81299265,Rick Ulbricht,2025-10-09T12:08:05Z
81299289,Mina Bell Folland,2025-10-09T12:13:17Z
81299458,Bruno Ehrler,2025-10-09T12:43:13Z
81299481,Niranjana G,2025-10-09T12:48:07Z
81299543,Bill Greening,2025-10-09T13:00:07Z
81299602,Rickey Hill (cheerleader),2025-10-09T13:15:22Z
81299626,Emiola Fagbenle,2025-10-09T13:19:24Z
81299692,Hersi Said,2025-10-09T13:33:28Z
81299737,Emmitt Finnie,2025-10-09T13:42:28Z
81299792,Albert Mavunga,2025-10-09T13:52:30Z
81299826,Blessing Uzzi,2025-10-09T13:56:27Z
81299838,Fred Horn (bowls),2025-10-09T13:58:40Z
81299866,Caleb Makwiranzou,2025-10-09T14:03:04Z
81299902,Galina Zaitseva,2025-10-09T14:09:14Z
81300013,Martha Allen Sherwood,2025-10-09T14:27:35Z
81300029,Joash Amupitan,2025-10-09T14:29:01Z
81300155,Poshan Haiming,2025-10-09T14:46:20Z
81300160,A. G. Allen,2025-10-09T14:47:51Z
81300267,Wanda Perdelwitz,2025-10-09T15:09:30Z
81300272,Albert Esterhuysen,2025-10-09T15:09:58Z
81300465,Lubomír Hrstka,2025-10-09T15:46:56Z
81300535,Valerie H. Armstrong,2025-10-09T15:56:00Z
81300805,Rita Pankhurst,2025-10-09T16:28:48Z
81300899,Billy Moll,2025-10-09T16:40:18Z
81300937,Ray's Kim Edm,2025-10-09T16:45:42Z
81300976,John Staples (Lord Mayor),2025-10-09T16:52:43Z
81301263,Galina Klevezal,2025-10-09T17:30:51Z
81301439,Stefan Kapor,2025-10-09T17:58:30Z
81301489,Manuel Knoll (politician),2025-10-09T18:06:33Z
81301584,"Kurt Fischer (politician, born 2000)",2025-10-09T18:23:29Z
81301659,Josh Kench,2025-10-09T18:34:17Z
81301905,Andrey of Suzdal,2025-10-09T19:08:34Z
81301951,Taiwo Egunjobi,2025-10-09T19:17:23Z
81301981,Olivia Lua,2025-10-09T19:23:33Z
81302075,Liv Mjelde,2025-10-09T19:37:51Z
81302104,Richard Luhanga,2025-10-09T19:42:39Z
81302188,Mohammed Asif Ali,2025-10-09T19:55:32Z
81302241,Gisèle Gallichan,2025-10-09T20:02:19Z
81302366,Vishok Persaud,2025-10-09T20:19:21Z
81302494,Patrick Towles,2025-10-09T20:36:51Z
81302566,Christine Marie von Cappelen,2025-10-09T20:43:43Z
81302852,Nick Garvey,2025-10-09T21:19:56Z
81302961,Elisabeth Aßmann,2025-10-09T21:34:27Z
81302985,Olivia Mobley,2025-10-09T21:40:14Z
81302996,Karen Cano,2025-10-09T21:43:36Z
81303018,Skylar Irving,2025-10-09T21:47:03Z
81303066,Siulagi Tuimalatu-Brown,2025-10-09T21:52:13Z
81303069,Clara Van Wieren,2025-10-09T21:52:36Z
81303129,Lily Delianedis,2025-10-09T22:05:30Z
81303144,Sarah Kapnick,2025-10-09T22:07:44Z
81303176,Muriel Hannah,2025-10-09T22:12:22Z
81303194,Dayle Ross,2025-10-09T22:14:28Z
81303247,Hildegard Müller,2025-10-09T22:20:18Z
81303292,Riley Brengman,2025-10-09T22:23:51Z
81303293,Kiara Nowlin,2025-10-09T22:23:52Z
81303325,Ava Rinker,2025-10-09T22:29:36Z
81303341,Mathilde Desjonquères,2025-10-09T22:34:01Z
81303344,Svetlana Drugoveyko-Dolzhanskaya,2025-10-09T22:35:03Z
81303353,Jada Habisch,2025-10-09T22:36:20Z
81303376,Brianna Brooks,2025-10-09T22:41:05Z
81303377,Annie Mottram Craig Batten,2025-10-09T22:41:28Z
81303391,Anna Bargman,2025-10-09T22:44:25Z
81303394,Alê Portela,2025-10-09T22:44:56Z
81303418,Maya Labad,2025-10-09T22:49:24Z
81303440,Vanessa Upson,2025-10-09T22:53:00Z
81303493,Iago Negueruela,2025-10-09T22:59:18Z
81303499,Lyndie Lobdell,2025-10-09T23:00:44Z
81303528,Piotr Stępień (boxer),2025-10-09T23:06:26Z
81303533,Kaley Doyle,2025-10-09T23:07:23Z
81303555,Amanda Thiele,2025-10-09T23:12:31Z
81303567,Hanna Baskin,2025-10-09T23:17:18Z
81303590,Tamara Giaquinto,2025-10-09T23:23:53Z
81303619,Ben Ioelu,2025-10-09T23:28:17Z
81303625,Frederick William Bond,2025-10-09T23:28:49Z
81303628,Brooke Becker,2025-10-09T23:29:40Z
81303692,Olivia Wallin,2025-10-09T23:44:43Z
81303696,Liu Daoqi,2025-10-09T23:45:38Z
81303706,Debra Lew,2025-10-09T23:46:54Z
81303735,Ľudmila Gajdošíková,2025-10-09T23:52:09Z
81303757,Chanreet Bassi,2025-10-09T23:56:18Z
81303930,Park Seung-guk,2025-10-10T00:28:23Z
81303935,Sixto Igisomar,2025-10-10T00:29:07Z
81303995,Gim Gwang-won,2025-10-10T00:38:52Z
81304063,Robert Králíček,2025-10-10T00:47:00Z
81304086,Tan Yunkun,2025-10-10T00:53:19Z
81304132,Wolfgang Fiedler,2025-10-10T01:03:48Z
81304164,Filomeno Biagio Tatò,2025-10-10T01:12:00Z
81304208,Nate Ollie,2025-10-10T01:20:54Z
81304241,Aldo Morelli,2025-10-10T01:26:00Z
81304253,Varg²™,2025-10-10T01:28:23Z
81304449,Laurence Halstead,2025-10-10T02:17:55Z
81304492,Luang Phor Phrom Thawaro,2025-10-10T02:26:51Z
81304643,Luang Phor Bai Thammachoto,2025-10-10T02:52:25Z
81304913,John V. Tavenner,2025-10-10T03:47:06Z
81304988,Volodymyr Kohut,2025-10-10T04:10:06Z
81305097,Taylor Lamb,2025-10-10T04:35:23Z
81305114,Mia Li,2025-10-10T04:41:13Z
81305137,John Harrison (U.S. Navy),2025-10-10T04:42:29Z
81305440,Edmund P. Dandridge (politician),2025-10-10T04:55:38Z
81305509,Andria Georgiou,2025-10-10T05:09:58Z
81305518,Anja Jauernig,2025-10-10T05:11:39Z
81305561,Bruce Goodison,2025-10-10T05:30:41Z
81305717,Owen Parker-Price,2025-10-10T06:16:13Z
81305756,Donald Gallup,2025-10-10T06:26:35Z
81305826,Lluc Salellas i Vilar,2025-10-10T06:52:50Z
81306351,Jesús Gómez (American football),2025-10-10T08:32:24Z
81306409,Frederick S. Clarke,2025-10-10T08:45:21Z
81306412,Arron Lindop,2025-10-10T08:45:44Z
81306422,Nella Nyqvist,2025-10-10T08:47:34Z
81306448,Chang Mei-chun,2025-10-10T08:52:41Z
81306552,M. Daouda Diallo,2025-10-10T09:21:11Z
81306647,Jenna Foubister,2025-10-10T09:49:59Z
81306685,M. Jayakumar,2025-10-10T09:58:33Z
81306689,Ab Gritter,2025-10-10T10:00:05Z
81306724,Marten-Chris Paalberg,2025-10-10T10:12:06Z
81306754,Raju Nong,2025-10-10T10:21:57Z
81306770,Alana Cerne,2025-10-10T10:27:56Z
81306859,Besim Korkut,2025-10-10T10:50:31Z
81306920,Agostino Pertusi,2025-10-10T11:00:53Z
81306932,Shahram Danekar,2025-10-10T11:06:41Z
81306945,Levan Machavariani,2025-10-10T11:09:49Z
81306951,Zhao Jiaotong,2025-10-10T11:12:16Z
81306976,Jeannette Benavides,2025-10-10T11:17:17Z
81307040,Su Lan-hong,2025-10-10T11:31:05Z
81307194,Marie of France (1326-1341),2025-10-10T12:00:57Z
81307240,Marigone Tahiri,2025-10-10T12:10:06Z
81307283,Ahmed Ali Jinnah,2025-10-10T12:18:19Z
81307286,Noémi Reclus,2025-10-10T12:18:59Z
81307327,Natascha Viljoen,2025-10-10T12:28:39Z
81307342,Margaret Lyons (critic),2025-10-10T12:31:09Z
81307437,Oleg Mukhanov (business executive),2025-10-10T12:45:55Z
81307490,John Conway Bourke,2025-10-10T12:56:05Z
81307515,Charly Baumann,2025-10-10T13:01:09Z
81307530,Sven Rausing,2025-10-10T13:03:12Z
81307541,Petra Dičak,2025-10-10T13:04:24Z
81307596,Jean Marie McKee,2025-10-10T13:13:09Z
81307661,Berk Beyhan,2025-10-10T13:26:29Z
81307666,Isabel Rowe,2025-10-10T13:28:33Z
81307698,Ian Judge,2025-10-10T13:36:48Z
81307750,Rafael de la Barra Tagle,2025-10-10T13:42:29Z
81307788,Toni Mataele,2025-10-10T13:50:22Z
81307928,Xing Bing,2025-10-10T14:14:17Z
81307996,DJ Tráva,2025-10-10T14:23:20Z
81308012,Ghulam Qadir Mir,2025-10-10T14:25:51Z
81308243,Patrick Dulcea,2025-10-10T15:07:39Z
81308260,Keeto Thermoncy,2025-10-10T15:10:52Z
81308287,Paul Grunwaldt,2025-10-10T15:15:48Z
81308371,Habibou Allélé,2025-10-10T15:29:02Z
81308443,Alejandro Muñante,2025-10-10T15:42:19Z
81308475,Neta Elkayam,2025-10-10T15:49:30Z
81308564,Jérôme Lindon,2025-10-10T16:02:32Z
81308580,Matěj Gregor,2025-10-10T16:04:38Z
81308582,Kateryna Samohina,2025-10-10T16:04:49Z
81308629,Giorgio Fazio,2025-10-10T16:06:42Z
81308667,Kyoko Hosokawa,2025-10-10T16:11:23Z
81308672,John F. Padgett,2025-10-10T16:12:19Z
81308852,Taťána Malá,2025-10-10T16:18:32Z
81309042,Murder of Stacy Payne,2025-10-10T16:22:54Z
81309149,Boris Šťastný,2025-10-10T16:27:12Z
81309244,Alfredo Esteban Bustamante Guerrero,2025-10-10T16:37:48Z
81309317,Evrart de Trémaugon,2025-10-10T16:47:19Z
81309324,Hans Kämpfer,2025-10-10T16:48:55Z
81309436,Minna Irving,2025-10-10T17:06:00Z
81309477,Ayano Sakurai,2025-10-10T17:13:21Z
81309514,Marlon Mena,2025-10-10T17:19:53Z
81309642,Chakradhar Meikap,2025-10-10T17:40:37Z
81309775,Sakurako Korai,2025-10-10T17:58:57Z
81309955,Vojtěch Krňanský,2025-10-10T18:27:34Z
81309975,Isaac Ayodeji,2025-10-10T18:30:21Z
81310007,Charles Twelvetrees,2025-10-10T18:35:02Z
81310110,Gabriela Sedláčková,2025-10-10T18:52:20Z
81310126,VPS Kaushik,2025-10-10T18:55:41Z
81310148,Miroslav Krejčí,2025-10-10T18:58:33Z
81310161,María José Sierra,2025-10-10T19:00:26Z
81310165,Misaki Matsumura,2025-10-10T19:00:38Z
81310276,Oualid Malki,2025-10-10T19:15:04Z
81310293,Zdena Kašparová,2025-10-10T19:17:16Z
81310324,Juan Atala,2025-10-10T19:21:13Z
81310382,Ilir Alimehmeti,2025-10-10T19:29:50Z
81310439,Bernardo Araya Zuleta,2025-10-10T19:36:01Z
81310593,Albino Barra,2025-10-10T19:54:14Z
